zip,demo,2015,2014,2013,2012,2011,2010,2009,total
10009,Black Male,0,0,0,0,1,0,0,1
10009,Black Female,0,0,0,0,0,0,0,0
10009,White Male,0,0,0,0,0,0,,0
10009,White Female,0,0,0,0,0,0,0,0
10009,Hispanic Male,0,0,0,0,0,0,0,0
10009,Hispanic Female,0,0,0,0,0,0,0,0
10009,Asian Male,0,0,0,0,0,0,,0
10009,Asian Female,0,0,0,0,0,0,0,0
10304,Black Male,0,0,0,0,0,1,0,1
10304,Black Female,0,0,0,0,0,0,0,0
10304,White Male,0,0,0,0,0,0,,0
10304,White Female,0,0,0,0,0,0,0,0
10304,Hispanic Male,0,0,0,0,0,0,0,0
10304,Hispanic Female,0,0,0,0,0,0,0,0
10304,Asian Male,0,0,0,0,0,0,,0
10304,Asian Female,0,0,0,0,0,0,0,0
30038,Black Male,0,0,0,0,0,0,1,1
30038,Black Female,0,0,0,0,0,0,0,0
30038,White Male,0,0,0,0,0,0,,0
30038,White Female,0,0,0,0,0,0,0,0
30038,Hispanic Male,0,0,0,0,0,0,0,0
30038,Hispanic Female,0,0,0,0,0,0,0,0
30038,Asian Male,0,0,0,0,0,0,,0
30038,Asian Female,0,0,0,0,0,0,0,0
30523,Black Male,0,0,0,0,0,0,1,1
30523,Black Female,0,0,0,0,0,0,0,0
30523,White Male,0,0,0,0,0,0,,0
30523,White Female,0,0,0,0,0,0,0,0
30523,Hispanic Male,0,0,0,0,0,0,0,0
30523,Hispanic Female,0,0,0,0,0,0,0,0
30523,Asian Male,0,0,0,0,0,0,,0
30523,Asian Female,0,0,0,0,0,0,0,0
33612,Black Male,0,0,0,0,0,0,0,0
33612,Black Female,0,0,0,0,0,0,0,0
33612,White Male,0,0,0,0,0,0,,0
33612,White Female,0,0,0,0,0,0,0,0
33612,Hispanic Male,0,0,0,0,0,0,0,0
33612,Hispanic Female,0,0,0,0,0,0,0,0
33612,Asian Male,0,0,0,0,0,0,,0
33612,Asian Female,0,0,0,0,0,0,0,0
33705,Black Male,0,0,1,0,0,0,0,1
33705,Black Female,0,0,0,0,0,0,0,0
33705,White Male,0,0,0,0,0,0,,0
33705,White Female,0,0,0,0,0,0,0,0
33705,Hispanic Male,0,0,0,0,0,0,0,0
33705,Hispanic Female,0,0,0,0,0,0,0,0
33705,Asian Male,0,0,0,0,0,0,,0
33705,Asian Female,0,0,0,0,0,0,0,0
34652,Black Male,0,0,0,0,1,0,0,1
34652,Black Female,0,0,0,0,0,0,0,0
34652,White Male,0,0,0,0,0,0,,0
34652,White Female,0,0,0,0,0,0,0,0
34652,Hispanic Male,0,0,0,0,0,0,0,0
34652,Hispanic Female,0,0,0,0,0,0,0,0
34652,Asian Male,0,0,0,0,0,0,,0
34652,Asian Female,0,0,0,0,0,0,0,0
40175,Black Male,0,1,0,0,0,0,0,1
40175,Black Female,0,0,0,0,0,0,0,0
40175,White Male,0,0,0,0,0,0,,0
40175,White Female,0,0,0,0,0,0,0,0
40175,Hispanic Male,0,0,0,0,0,0,0,0
40175,Hispanic Female,0,0,0,0,0,0,0,0
40175,Asian Male,0,0,0,0,0,0,,0
40175,Asian Female,0,0,0,0,0,0,0,0
43605,Black Male,0,0,1,0,0,0,0,1
43605,Black Female,0,0,0,0,0,0,0,0
43605,White Male,0,0,0,0,0,0,,0
43605,White Female,0,0,0,0,0,0,0,0
43605,Hispanic Male,0,0,0,0,0,0,0,0
43605,Hispanic Female,0,0,0,0,0,0,0,0
43605,Asian Male,0,0,0,0,0,0,,0
43605,Asian Female,0,0,0,0,0,0,0,0
43952,Black Male,0,0,0,0,1,0,0,1
43952,Black Female,0,0,0,0,0,0,0,0
43952,White Male,0,0,0,0,0,0,,0
43952,White Female,0,0,0,0,0,0,0,0
43952,Hispanic Male,0,0,0,0,0,0,0,0
43952,Hispanic Female,0,0,0,0,0,0,0,0
43952,Asian Male,0,0,0,0,0,0,,0
43952,Asian Female,0,0,0,0,0,0,0,0
44310,Black Male,0,0,0,0,0,0,1,1
44310,Black Female,0,0,0,0,0,0,0,0
44310,White Male,0,0,0,0,0,0,,0
44310,White Female,0,0,0,0,0,0,0,0
44310,Hispanic Male,0,0,0,0,0,0,0,0
44310,Hispanic Female,0,0,0,0,0,0,0,0
44310,Asian Male,0,0,0,0,0,0,,0
44310,Asian Female,0,0,0,0,0,0,0,0
46234,Black Male,0,0,0,0,1,0,0,1
46234,Black Female,0,0,0,0,0,0,0,0
46234,White Male,0,0,0,0,0,0,,0
46234,White Female,0,0,0,0,0,0,0,0
46234,Hispanic Male,0,0,0,0,0,0,0,0
46234,Hispanic Female,0,0,0,0,0,0,0,0
46234,Asian Male,0,0,0,0,0,0,,0
46234,Asian Female,0,0,0,0,0,0,0,0
46235,Black Male,0,0,0,1,0,0,0,1
46235,Black Female,0,0,0,0,0,0,0,0
46235,White Male,0,0,0,0,0,0,,0
46235,White Female,0,0,0,0,0,0,0,0
46235,Hispanic Male,0,0,0,0,0,0,0,0
46235,Hispanic Female,0,0,0,0,0,0,0,0
46235,Asian Male,0,0,0,0,0,0,,0
46235,Asian Female,0,0,0,0,0,0,0,0
46305,Black Male,0,0,0,0,0,0,0,0
46305,Black Female,0,0,0,0,0,0,0,0
46305,White Male,0,0,0,0,0,0,,0
46305,White Female,0,0,0,0,0,0,0,0
46305,Hispanic Male,0,0,0,0,0,0,0,0
46305,Hispanic Female,0,0,0,0,0,0,0,0
46305,Asian Male,0,0,0,0,0,0,,0
46305,Asian Female,0,0,0,0,0,0,0,0
46307,Black Male,0,0,0,0,0,1,0,1
46307,Black Female,0,0,0,0,0,0,0,0
46307,White Male,0,0,0,0,0,0,0,0
46307,White Female,0,0,0,0,0,0,0,0
46307,Hispanic Male,0,0,0,0,0,0,0,0
46307,Hispanic Female,0,0,0,0,0,0,0,0
46307,Asian Male,0,0,0,0,0,0,0,0
46307,Asian Female,0,0,0,0,0,0,0,0
46319,Black Male,0,0,1,0,0,0,0,1
46319,Black Female,0,0,0,0,0,0,0,0
46319,White Male,0,0,0,0,0,0,0,0
46319,White Female,0,0,0,0,0,0,0,0
46319,Hispanic Male,0,0,0,0,0,0,0,0
46319,Hispanic Female,0,0,0,0,0,0,0,0
46319,Asian Male,0,0,0,0,0,0,0,0
46319,Asian Female,0,0,0,0,0,0,0,0
46324,Black Male,0,0,0,0,0,0,0,0
46324,Black Female,0,0,0,0,0,0,0,0
46324,White Male,0,0,0,0,0,0,0,0
46324,White Female,0,0,0,0,0,0,0,0
46324,Hispanic Male,0,1,0,0,0,0,0,1
46324,Hispanic Female,0,0,0,0,0,0,0,0
46324,Asian Male,0,0,0,0,0,0,0,0
46324,Asian Female,0,0,0,0,0,0,0,0
46375,Black Male,0,0,0,0,0,0,0,0
46375,Black Female,0,0,0,0,0,0,0,0
46375,White Male,0,0,0,0,0,0,0,0
46375,White Female,0,0,0,0,0,0,0,0
46375,Hispanic Male,0,1,0,0,0,0,0,1
46375,Hispanic Female,0,0,0,0,0,0,0,0
46375,Asian Male,0,0,0,0,0,0,0,0
46375,Asian Female,0,0,0,0,0,0,0,0
46402,Black Male,0,0,1,0,0,0,0,1
46402,Black Female,0,0,0,0,0,0,0,0
46402,White Male,0,0,0,0,0,0,0,0
46402,White Female,0,0,0,0,0,0,0,0
46402,Hispanic Male,0,0,0,0,0,0,0,0
46402,Hispanic Female,0,0,0,0,0,0,0,0
46402,Asian Male,0,0,0,0,0,0,0,0
46402,Asian Female,0,0,0,0,0,0,0,0
46406,Black Male,1,0,0,0,0,0,0,1
46406,Black Female,0,0,0,0,0,0,0,0
46406,White Male,0,0,0,0,0,0,0,0
46406,White Female,0,0,0,0,0,0,0,0
46406,Hispanic Male,0,0,0,0,0,0,0,0
46406,Hispanic Female,0,0,0,0,0,0,0,0
46406,Asian Male,0,0,0,0,0,0,0,0
46406,Asian Female,0,0,0,0,0,0,0,0
46410,Black Male,1,0,0,0,0,0,0,1
46410,Black Female,0,0,0,0,0,0,0,0
46410,White Male,0,0,0,0,0,0,0,0
46410,White Female,0,0,0,0,0,0,0,0
46410,Hispanic Male,0,0,0,0,0,0,0,0
46410,Hispanic Female,0,0,0,0,0,0,0,0
46410,Asian Male,0,0,0,0,0,0,0,0
46410,Asian Female,0,0,0,0,0,0,0,0
46526,Black Male,0,0,0,0,0,1,0,1
46526,Black Female,0,0,0,0,0,0,0,0
46526,White Male,0,0,0,0,0,0,0,0
46526,White Female,0,0,0,0,0,0,0,0
46526,Hispanic Male,0,0,0,0,0,0,0,0
46526,Hispanic Female,0,0,0,0,0,0,0,0
46526,Asian Male,0,0,0,0,0,0,0,0
46526,Asian Female,0,0,0,0,0,0,0,0
46545,Black Male,0,0,0,0,0,0,0,0
46545,Black Female,1,0,0,0,0,0,0,1
46545,White Male,0,0,0,0,0,0,0,0
46545,White Female,0,0,0,0,0,0,0,0
46545,Hispanic Male,0,0,0,0,0,0,0,0
46545,Hispanic Female,0,0,0,0,0,0,0,0
46545,Asian Male,0,0,0,0,0,0,0,0
46545,Asian Female,0,0,0,0,0,0,0,0
46802,Black Male,0,0,0,0,0,0,0,0
46802,Black Female,0,0,0,0,0,0,0,0
46802,White Male,0,0,0,0,0,0,0,0
46802,White Female,0,0,0,0,0,0,0,0
46802,Hispanic Male,0,0,0,0,0,0,0,0
46802,Hispanic Female,0,0,0,0,0,0,0,0
46802,Asian Male,0,0,0,0,0,0,0,0
46802,Asian Female,0,0,0,0,0,0,0,0
52001,Black Male,1,0,0,0,1,0,0,2
52001,Black Female,0,0,0,0,0,0,0,0
52001,White Male,0,0,0,0,0,0,0,0
52001,White Female,0,0,0,0,0,0,0,0
52001,Hispanic Male,0,0,0,0,0,0,0,0
52001,Hispanic Female,0,0,0,0,0,0,0,0
52001,Asian Male,0,0,0,0,0,0,0,0
52001,Asian Female,0,0,0,0,0,0,0,0
52801,Black Male,0,0,1,0,0,0,0,1
52801,Black Female,0,0,0,0,0,0,0,0
52801,White Male,0,0,0,0,0,0,0,0
52801,White Female,0,0,0,0,0,0,0,0
52801,Hispanic Male,0,0,0,0,0,0,0,0
52801,Hispanic Female,0,0,0,0,0,0,0,0
52801,Asian Male,0,0,0,0,0,0,0,0
52801,Asian Female,0,0,0,0,0,0,0,0
53140,Black Male,0,0,1,0,0,1,0,2
53140,Black Female,0,0,0,0,0,0,0,0
53140,White Male,0,0,0,0,0,0,0,0
53140,White Female,0,0,0,0,0,0,0,0
53140,Hispanic Male,0,0,0,0,0,0,0,0
53140,Hispanic Female,0,0,0,0,0,0,0,0
53140,Asian Male,0,0,0,0,0,0,0,0
53140,Asian Female,0,0,0,0,0,0,0,0
53205,Black Male,0,0,0,0,0,0,1,1
53205,Black Female,0,0,0,0,0,0,0,0
53205,White Male,0,0,0,0,0,0,0,0
53205,White Female,0,0,0,0,0,0,0,0
53205,Hispanic Male,0,0,0,0,0,0,0,0
53205,Hispanic Female,0,0,0,0,0,0,0,0
53205,Asian Male,0,0,0,0,0,0,0,0
53205,Asian Female,0,0,0,0,0,0,0,0
53210,Black Male,0,0,0,0,0,0,1,1
53210,Black Female,0,0,0,0,0,0,0,0
53210,White Male,0,0,0,0,0,0,0,0
53210,White Female,0,0,0,0,0,0,0,0
53210,Hispanic Male,0,0,0,0,0,0,0,0
53210,Hispanic Female,0,0,0,0,0,0,0,0
53210,Asian Male,0,0,0,0,0,0,0,0
53210,Asian Female,0,0,0,0,0,0,0,0
53218,Black Male,0,0,0,0,0,1,0,1
53218,Black Female,0,0,0,0,0,0,0,0
53218,White Male,0,0,0,0,0,0,0,0
53218,White Female,0,0,0,0,0,0,0,0
53218,Hispanic Male,0,0,0,0,0,0,0,0
53218,Hispanic Female,0,0,0,0,0,0,0,0
53218,Asian Male,0,0,0,0,0,0,0,0
53218,Asian Female,0,0,0,0,0,0,0,0
53224,Black Male,0,0,0,1,0,0,0,1
53224,Black Female,0,0,0,0,0,0,0,0
53224,White Male,0,0,0,0,0,0,0,0
53224,White Female,0,0,0,0,0,0,0,0
53224,Hispanic Male,0,0,0,0,0,0,0,0
53224,Hispanic Female,0,0,0,0,0,0,0,0
53224,Asian Male,0,0,0,0,0,0,0,0
53224,Asian Female,0,0,0,0,0,0,0,0
53233,Black Male,0,0,0,0,0,1,0,1
53233,Black Female,0,0,0,0,0,0,0,0
53233,White Male,0,0,0,0,0,0,0,0
53233,White Female,0,0,0,0,0,0,0,0
53233,Hispanic Male,0,0,0,0,0,0,0,0
53233,Hispanic Female,0,0,0,0,0,0,0,0
53233,Asian Male,0,0,0,0,0,0,0,0
53233,Asian Female,0,0,0,0,0,0,0,0
53406,Black Male,0,0,0,0,1,0,0,1
53406,Black Female,0,0,0,0,0,0,0,0
53406,White Male,0,0,0,0,0,0,0,0
53406,White Female,0,0,0,0,0,0,0,0
53406,Hispanic Male,0,0,0,0,0,0,0,0
53406,Hispanic Female,0,0,0,0,0,0,0,0
53406,Asian Male,0,0,0,0,0,0,0,0
53406,Asian Female,0,0,0,0,0,0,0,0
53545,Black Male,0,0,0,0,0,0,0,0
53545,Black Female,0,0,0,0,1,0,0,1
53545,White Male,0,0,0,0,0,0,0,0
53545,White Female,0,0,0,0,0,0,0,0
53545,Hispanic Male,0,0,0,0,0,0,0,0
53545,Hispanic Female,0,0,0,0,0,0,0,0
53545,Asian Male,0,0,0,0,0,0,0,0
53545,Asian Female,0,0,0,0,0,0,0,0
53703,Black Male,0,0,0,0,0,0,0,0
53703,Black Female,0,0,0,0,0,0,0,0
53703,White Male,0,0,0,0,0,0,0,0
53703,White Female,0,0,0,0,0,0,0,0
53703,Hispanic Male,0,0,0,0,0,0,0,0
53703,Hispanic Female,0,0,0,0,0,0,0,0
53703,Asian Male,0,0,0,0,0,0,0,0
53703,Asian Female,0,0,0,0,0,0,0,0
53711,Black Male,0,0,0,1,0,0,0,1
53711,Black Female,0,0,0,0,0,0,0,0
53711,White Male,0,0,0,0,0,0,0,0
53711,White Female,0,0,0,0,0,0,0,0
53711,Hispanic Male,0,0,0,0,0,0,0,0
53711,Hispanic Female,0,0,0,0,0,0,0,0
53711,Asian Male,0,0,0,0,0,0,0,0
53711,Asian Female,0,0,0,0,0,0,0,0
54301,Black Male,0,0,1,0,0,0,0,1
54301,Black Female,0,0,0,0,0,0,0,0
54301,White Male,0,0,0,0,0,0,0,0
54301,White Female,0,0,0,0,0,0,0,0
54301,Hispanic Male,0,0,0,0,0,0,0,0
54301,Hispanic Female,0,0,0,0,0,0,0,0
54301,Asian Male,0,0,0,0,0,0,0,0
54301,Asian Female,0,0,0,0,0,0,0,0
54913,Black Male,0,0,0,0,0,1,0,1
54913,Black Female,0,0,0,0,0,0,0,0
54913,White Male,0,0,0,0,0,0,0,0
54913,White Female,0,0,0,0,0,0,0,0
54913,Hispanic Male,0,0,0,0,0,0,0,0
54913,Hispanic Female,0,0,0,0,0,0,0,0
54913,Asian Male,0,0,0,0,0,0,0,0
54913,Asian Female,0,0,0,0,0,0,0,0
60002,Black Male,0,0,0,0,0,0,0,0
60002,Black Female,0,0,0,0,0,0,0,0
60002,White Male,0,0,0,0,0,0,0,0
60002,White Female,0,0,0,0,0,0,0,0
60002,Hispanic Male,0,0,0,0,0,1,0,1
60002,Hispanic Female,0,0,0,0,0,0,0,0
60002,Asian Male,0,0,0,0,0,0,0,0
60002,Asian Female,0,0,0,0,0,0,0,0
60004,Black Male,0,0,0,0,0,0,0,0
60004,Black Female,0,0,0,0,0,0,0,0
60004,White Male,0,0,0,0,0,1,0,1
60004,White Female,0,0,0,0,0,0,0,0
60004,Hispanic Male,0,1,2,1,0,0,0,4
60004,Hispanic Female,0,0,0,0,0,0,0,0
60004,Asian Male,0,0,0,0,0,0,0,0
60004,Asian Female,0,0,0,0,0,0,0,0
60005,Black Male,1,0,0,0,0,0,0,1
60005,Black Female,0,0,0,0,0,0,0,0
60005,White Male,0,0,1,0,1,0,0,2
60005,White Female,0,0,0,1,0,0,0,1
60005,Hispanic Male,0,0,0,0,0,0,0,0
60005,Hispanic Female,0,0,0,0,0,0,0,0
60005,Asian Male,0,0,0,0,0,0,0,0
60005,Asian Female,0,0,0,0,0,0,0,0
60007,Black Male,1,0,0,0,0,0,0,1
60007,Black Female,0,0,0,0,0,0,0,0
60007,White Male,0,0,1,0,0,0,0,1
60007,White Female,0,0,0,0,0,0,0,0
60007,Hispanic Male,0,0,0,0,0,0,0,0
60007,Hispanic Female,0,0,0,0,0,0,0,0
60007,Asian Male,0,0,0,0,0,0,0,0
60007,Asian Female,0,0,0,0,0,0,0,0
60008,Black Male,0,0,0,0,0,0,0,0
60008,Black Female,0,0,0,0,0,0,0,0
60008,White Male,0,0,0,0,0,0,0,0
60008,White Female,0,0,0,0,0,0,0,0
60008,Hispanic Male,1,0,1,0,0,0,0,2
60008,Hispanic Female,0,0,0,0,0,0,0,0
60008,Asian Male,0,0,0,0,0,0,0,0
60008,Asian Female,0,0,0,0,0,0,0,0
60009,Black Male,0,0,0,0,0,0,1,1
60009,Black Female,0,0,0,0,0,0,0,0
60009,White Male,0,0,0,0,0,0,0,0
60009,White Female,0,0,0,0,0,0,0,0
60009,Hispanic Male,0,0,0,0,0,0,0,0
60009,Hispanic Female,0,0,0,0,0,0,0,0
60009,Asian Male,0,0,0,0,0,0,0,0
60009,Asian Female,0,0,0,0,0,0,0,0
60016,Black Male,0,1,1,0,0,1,2,5
60016,Black Female,0,0,0,0,0,0,0,0
60016,White Male,0,0,1,0,0,0,0,1
60016,White Female,0,0,0,0,0,0,0,0
60016,Hispanic Male,0,0,0,0,0,0,0,0
60016,Hispanic Female,0,0,0,0,0,0,0,0
60016,Asian Male,0,0,0,0,0,0,0,0
60016,Asian Female,0,0,0,0,0,0,0,0
60018,Black Male,0,0,0,1,0,0,0,1
60018,Black Female,0,0,0,0,0,0,0,0
60018,White Male,0,0,0,0,0,0,0,0
60018,White Female,0,0,0,0,0,0,0,0
60018,Hispanic Male,0,0,0,0,0,0,0,0
60018,Hispanic Female,0,0,0,0,0,0,0,0
60018,Asian Male,0,0,0,0,0,0,1,1
60018,Asian Female,0,0,0,0,0,0,0,0
60025,Black Male,0,0,0,0,0,0,0,0
60025,Black Female,0,0,0,0,0,0,0,0
60025,White Male,0,0,1,0,0,0,0,1
60025,White Female,0,0,0,0,0,0,0,0
60025,Hispanic Male,0,0,0,0,0,0,0,0
60025,Hispanic Female,0,0,0,0,0,0,0,0
60025,Asian Male,0,0,0,0,0,0,0,0
60025,Asian Female,0,0,0,0,0,0,0,0
60031,Black Male,0,0,0,0,0,0,0,0
60031,Black Female,0,0,0,0,0,0,0,0
60031,White Male,0,0,0,0,0,0,0,0
60031,White Female,0,0,0,0,0,0,0,0
60031,Hispanic Male,0,0,0,0,0,0,0,0
60031,Hispanic Female,0,0,0,0,0,0,0,0
60031,Asian Male,0,0,1,0,0,0,0,1
60031,Asian Female,0,0,0,0,0,0,0,0
60038,Black Male,0,0,0,1,0,0,0,1
60038,Black Female,0,0,0,0,0,0,0,0
60038,White Male,0,0,0,0,0,0,0,0
60038,White Female,0,0,0,0,0,0,0,0
60038,Hispanic Male,0,0,0,0,0,0,0,0
60038,Hispanic Female,0,0,0,0,0,0,0,0
60038,Asian Male,0,0,0,0,0,0,0,0
60038,Asian Female,0,0,0,0,0,0,0,0
60046,Black Male,0,2,3,0,0,1,0,6
60046,Black Female,0,0,0,0,0,0,0,0
60046,White Male,0,0,1,0,0,0,0,1
60046,White Female,0,0,0,0,0,0,0,0
60046,Hispanic Male,0,0,0,0,0,0,0,0
60046,Hispanic Female,0,0,0,0,0,0,0,0
60046,Asian Male,0,0,0,0,0,0,0,0
60046,Asian Female,0,0,0,0,0,0,0,0
60053,Black Male,0,0,0,0,0,0,0,0
60053,Black Female,0,0,0,0,0,0,0,0
60053,White Male,0,0,0,1,0,0,0,1
60053,White Female,0,0,0,0,0,0,0,0
60053,Hispanic Male,0,0,0,0,0,0,0,0
60053,Hispanic Female,0,0,0,0,0,0,0,0
60053,Asian Male,0,0,0,0,0,0,0,0
60053,Asian Female,0,0,0,0,0,0,0,0
60056,Black Male,0,0,0,0,0,0,0,0
60056,Black Female,0,0,0,0,0,0,0,0
60056,White Male,0,0,0,1,0,0,1,2
60056,White Female,0,0,0,0,0,0,0,0
60056,Hispanic Male,1,0,0,2,0,0,1,4
60056,Hispanic Female,0,0,0,0,0,0,0,0
60056,Asian Male,0,0,0,0,0,0,0,0
60056,Asian Female,0,0,0,0,0,0,0,0
60061,Black Male,0,0,0,0,0,0,0,0
60061,Black Female,0,0,0,0,0,0,0,0
60061,White Male,0,0,0,0,0,0,0,0
60061,White Female,0,0,0,0,0,0,0,0
60061,Hispanic Male,0,0,0,0,0,0,0,0
60061,Hispanic Female,0,0,0,0,0,0,0,0
60061,Asian Male,0,0,0,0,0,0,0,0
60061,Asian Female,0,0,0,0,0,0,0,0
60064,Black Male,0,0,0,0,0,0,0,0
60064,Black Female,0,0,0,0,0,0,0,0
60064,White Male,0,0,0,0,0,0,0,0
60064,White Female,0,0,0,0,0,0,0,0
60064,Hispanic Male,2,0,0,1,0,0,0,3
60064,Hispanic Female,0,0,0,0,0,0,0,0
60064,Asian Male,0,0,0,0,0,0,0,0
60064,Asian Female,0,0,0,0,0,0,0,0
60070,Black Male,0,0,0,0,0,0,0,0
60070,Black Female,0,0,0,0,0,0,0,0
60070,White Male,0,0,0,0,0,0,0,0
60070,White Female,0,0,0,0,0,0,0,0
60070,Hispanic Male,2,1,2,0,0,0,1,6
60070,Hispanic Female,0,0,0,0,0,0,0,0
60070,Asian Male,0,0,0,0,0,0,0,0
60070,Asian Female,0,0,0,0,0,0,0,0
60073,Black Male,0,0,0,0,0,0,0,0
60073,Black Female,0,0,0,0,0,0,0,0
60073,White Male,0,0,0,0,0,0,0,0
60073,White Female,0,0,0,0,0,0,0,0
60073,Hispanic Male,0,0,0,1,0,0,0,1
60073,Hispanic Female,0,0,0,0,0,0,0,0
60073,Asian Male,0,0,0,0,0,0,0,0
60073,Asian Female,0,0,0,0,0,0,0,0
60074,Black Male,0,0,0,0,0,0,0,0
60074,Black Female,0,0,0,0,0,0,0,0
60074,White Male,0,0,0,0,0,0,0,0
60074,White Female,,0,0,0,0,0,0,0
60074,Hispanic Male,0,1,2,1,0,1,0,5
60074,Hispanic Female,0,0,0,0,0,0,0,0
60074,Asian Male,0,0,0,0,0,0,0,0
60074,Asian Female,0,0,0,0,0,0,0,0
60076,Black Male,0,0,0,0,0,0,1,1
60076,Black Female,0,0,0,0,0,0,0,0
60076,White Male,0,0,0,0,0,0,0,0
60076,White Female,0,0,0,0,0,0,0,0
60076,Hispanic Male,0,1,0,0,0,0,0,1
60076,Hispanic Female,0,0,0,0,0,0,0,0
60076,Asian Male,0,0,0,0,0,0,0,0
60076,Asian Female,0,0,0,0,0,0,0,0
60077,Black Male,0,0,1,2,0,0,0,3
60077,Black Female,0,0,1,0,0,0,0,1
60077,White Male,0,0,0,0,0,0,0,0
60077,White Female,0,0,0,0,0,0,0,0
60077,Hispanic Male,0,0,0,0,0,0,0,0
60077,Hispanic Female,0,0,0,0,0,0,0,0
60077,Asian Male,0,0,0,0,0,0,0,0
60077,Asian Female,0,0,0,0,0,0,0,0
60085,Black Male,0,0,2,0,0,1,2,5
60085,Black Female,0,0,0,1,0,0,0,1
60085,White Male,0,0,0,0,0,0,0,0
60085,White Female,0,0,0,0,0,0,0,0
60085,Hispanic Male,0,0,5,1,0,0,0,6
60085,Hispanic Female,0,0,0,0,0,0,0,0
60085,Asian Male,0,0,0,0,0,0,0,0
60085,Asian Female,0,0,0,0,0,0,0,0
60087,Black Male,3,1,2,1,1,2,0,10
60087,Black Female,0,0,0,0,0,0,0,0
60087,White Male,1,0,0,0,0,0,0,1
60087,White Female,0,0,0,0,1,0,0,1
60087,Hispanic Male,0,0,0,0,0,0,0,0
60087,Hispanic Female,0,0,0,0,0,0,0,0
60087,Asian Male,0,0,0,0,0,0,0,0
60087,Asian Female,0,0,0,0,0,0,0,0
60089,Black Male,0,0,1,0,0,0,0,1
60089,Black Female,0,0,0,0,0,0,0,0
60089,White Male,0,0,0,0,0,0,0,0
60089,White Female,0,0,0,0,0,0,0,0
60089,Hispanic Male,0,0,0,0,0,0,0,0
60089,Hispanic Female,0,0,0,0,0,0,0,0
60089,Asian Male,0,0,0,0,0,0,0,0
60089,Asian Female,0,0,0,0,0,0,0,0
60090,Black Male,0,0,1,0,0,0,0,1
60090,Black Female,0,0,0,0,0,0,0,0
60090,White Male,0,0,0,0,0,1,0,1
60090,White Female,0,0,0,0,0,0,0,0
60090,Hispanic Male,0,0,0,1,2,1,1,5
60090,Hispanic Female,0,0,1,0,0,0,0,1
60090,Asian Male,0,0,0,0,0,0,0,0
60090,Asian Female,0,0,0,0,0,0,0,0
60091,Black Male,0,0,0,0,0,0,0,0
60091,Black Female,0,0,0,0,0,0,0,0
60091,White Male,0,0,1,0,0,0,0,1
60091,White Female,0,0,0,0,0,0,0,0
60091,Hispanic Male,0,0,0,0,0,0,0,0
60091,Hispanic Female,0,0,0,0,0,0,0,0
60091,Asian Male,0,0,0,0,0,0,0,0
60091,Asian Female,0,0,0,0,0,0,0,0
60097,Black Male,0,0,0,1,0,0,0,1
60097,Black Female,0,0,0,0,0,0,0,0
60097,White Male,0,0,0,0,0,0,0,0
60097,White Female,0,0,0,0,0,0,0,0
60097,Hispanic Male,0,0,0,0,0,0,0,0
60097,Hispanic Female,0,0,0,0,0,0,0,0
60097,Asian Male,0,0,0,0,0,0,0,0
60097,Asian Female,0,0,0,0,0,0,0,0
60098,Black Male,0,0,0,0,0,0,0,0
60098,Black Female,0,0,0,0,0,0,0,0
60098,White Male,0,0,0,0,0,0,0,0
60098,White Female,0,0,0,0,0,0,0,0
60098,Hispanic Male,0,1,0,0,0,0,0,1
60098,Hispanic Female,0,0,0,0,0,0,0,0
60098,Asian Male,0,0,0,0,0,0,0,0
60098,Asian Female,0,0,0,0,0,0,0,0
60099,Black Male,0,0,1,0,1,0,0,2
60099,Black Female,0,0,0,0,0,0,0,0
60099,White Male,0,0,0,0,0,1,0,1
60099,White Female,0,0,0,0,0,0,0,0
60099,Hispanic Male,0,0,0,0,0,0,0,0
60099,Hispanic Female,0,0,0,0,0,0,0,0
60099,Asian Male,0,0,0,0,0,0,0,0
60099,Asian Female,0,0,0,0,0,0,0,0
60103,Black Male,0,0,0,0,0,0,0,0
60103,Black Female,0,0,0,0,0,0,0,0
60103,White Male,0,0,0,0,0,0,0,0
60103,White Female,0,0,0,0,0,0,0,0
60103,Hispanic Male,0,0,0,0,0,0,1,1
60103,Hispanic Female,0,0,0,0,0,0,0,0
60103,Asian Male,0,0,0,0,0,0,0,0
60103,Asian Female,0,0,0,0,0,0,0,0
60104,Black Male,0,0,0,1,1,0,2,4
60104,Black Female,0,0,0,0,0,0,1,1
60104,White Male,0,0,0,0,0,0,0,0
60104,White Female,0,0,0,0,0,0,0,0
60104,Hispanic Male,0,0,0,0,0,0,0,0
60104,Hispanic Female,0,0,0,0,0,0,0,0
60104,Asian Male,0,0,0,0,0,0,0,0
60104,Asian Female,0,0,0,0,0,0,0,0
60106,Black Male,0,0,0,0,0,0,0,0
60106,Black Female,0,0,0,0,0,0,0,0
60106,White Male,0,0,0,0,0,0,0,0
60106,White Female,0,0,0,0,0,0,0,0
60106,Hispanic Male,0,1,0,0,0,0,0,1
60106,Hispanic Female,0,0,0,0,0,0,0,0
60106,Asian Male,0,0,0,0,0,0,0,0
60106,Asian Female,0,0,0,0,0,0,0,0
60107,Black Male,1,0,0,0,0,1,1,3
60107,Black Female,0,0,0,0,0,0,0,0
60107,White Male,0,0,0,0,0,1,0,1
60107,White Female,0,0,0,0,0,0,0,0
60107,Hispanic Male,0,0,1,1,1,0,0,3
60107,Hispanic Female,0,0,0,0,0,0,0,0
60107,Asian Male,0,0,0,0,0,0,0,0
60107,Asian Female,0,0,0,0,0,0,0,0
60110,Black Male,0,0,0,0,0,0,0,0
60110,Black Female,0,0,0,0,0,0,0,0
60110,White Male,0,0,0,0,0,0,0,0
60110,White Female,0,0,0,0,0,0,0,0
60110,Hispanic Male,0,0,0,0,0,0,0,0
60110,Hispanic Female,1,0,0,0,0,0,0,1
60110,Asian Male,0,0,0,0,0,0,0,0
60110,Asian Female,0,0,0,0,0,0,0,0
60116,Black Male,0,0,0,0,0,0,0,0
60116,Black Female,0,0,0,0,0,0,0,0
60116,White Male,0,0,0,0,0,0,1,1
60116,White Female,0,0,0,0,0,0,0,0
60116,Hispanic Male,0,0,0,0,0,0,0,0
60116,Hispanic Female,0,0,0,0,0,0,0,0
60116,Asian Male,0,0,0,0,0,0,0,0
60116,Asian Female,0,0,0,0,0,0,0,0
60120,Black Male,1,0,0,0,0,0,0,1
60120,Black Female,0,0,0,0,0,0,0,0
60120,White Male,0,0,0,0,0,0,0,0
60120,White Female,0,0,0,0,0,0,0,0
60120,Hispanic Male,3,0,0,0,0,0,2,5
60120,Hispanic Female,0,0,0,0,0,0,0,0
60120,Asian Male,0,0,0,0,0,0,0,0
60120,Asian Female,0,0,0,0,0,0,0,0
60130,Black Male,2,0,0,0,2,1,0,5
60130,Black Female,0,0,0,0,0,0,0,0
60130,White Male,0,0,0,0,0,0,0,0
60130,White Female,0,0,0,0,0,0,0,0
60130,Hispanic Male,0,0,0,1,0,0,0,1
60130,Hispanic Female,0,0,0,0,0,0,0,0
60130,Asian Male,0,0,0,0,0,0,0,0
60130,Asian Female,0,0,0,0,0,0,0,0
60133,Black Male,0,0,0,0,0,0,0,0
60133,Black Female,0,0,0,0,0,0,0,0
60133,White Male,0,0,0,0,0,0,0,0
60133,White Female,0,0,1,0,0,0,0,1
60133,Hispanic Male,0,0,0,1,0,3,1,5
60133,Hispanic Female,0,0,0,0,0,0,0,0
60133,Asian Male,0,0,0,0,0,0,0,0
60133,Asian Female,0,0,0,0,0,0,0,0
60139,Black Male,0,0,0,0,0,0,0,0
60139,Black Female,0,0,0,0,0,0,0,0
60139,White Male,0,0,0,0,0,0,0,0
60139,White Female,0,0,0,0,0,0,0,0
60139,Hispanic Male,0,0,0,0,0,1,0,1
60139,Hispanic Female,0,0,0,0,0,0,0,0
60139,Asian Male,0,0,0,0,0,0,0,0
60139,Asian Female,0,0,0,0,0,0,0,0
60148,Black Male,0,0,0,0,1,0,0,1
60148,Black Female,0,0,0,0,0,0,0,0
60148,White Male,0,0,0,0,0,0,0,0
60148,White Female,0,0,0,0,0,0,0,0
60148,Hispanic Male,0,0,0,0,0,0,0,0
60148,Hispanic Female,0,0,0,0,0,0,0,0
60148,Asian Male,0,0,0,0,0,0,0,0
60148,Asian Female,0,0,0,0,0,0,0,0
60153,Black Male,2,1,1,2,0,1,0,7
60153,Black Female,0,0,0,0,0,0,0,0
60153,White Male,0,0,0,0,0,0,0,0
60153,White Female,1,0,0,0,0,0,0,1
60153,Hispanic Male,0,0,0,0,0,0,0,0
60153,Hispanic Female,0,0,0,0,0,0,0,0
60153,Asian Male,0,0,0,0,0,0,0,0
60153,Asian Female,0,0,0,0,0,0,0,0
60154,Black Male,0,0,0,0,0,0,0,0
60154,Black Female,0,0,0,0,0,0,0,0
60154,White Male,0,0,0,0,0,0,0,0
60154,White Female,0,0,0,0,0,0,0,0
60154,Hispanic Male,0,0,0,0,1,0,0,1
60154,Hispanic Female,0,0,0,0,0,0,0,0
60154,Asian Male,0,0,0,0,0,0,0,0
60154,Asian Female,0,0,0,0,0,0,0,0
60155,Black Male,1,0,0,0,1,0,2,4
60155,Black Female,0,0,0,0,0,0,0,0
60155,White Male,0,0,0,0,0,0,0,0
60155,White Female,0,0,0,0,0,0,0,0
60155,Hispanic Male,0,0,0,0,0,0,0,0
60155,Hispanic Female,0,0,0,0,0,0,0,0
60155,Asian Male,0,0,0,0,0,0,0,0
60155,Asian Female,0,0,0,0,0,0,0,0
60159,Black Male,0,0,0,0,0,0,0,0
60159,Black Female,0,0,0,0,0,0,0,0
60159,White Male,0,0,0,0,0,0,1,1
60159,White Female,0,0,0,0,0,0,0,0
60159,Hispanic Male,0,0,0,0,0,0,0,0
60159,Hispanic Female,0,0,0,0,0,0,0,0
60159,Asian Male,0,0,0,0,0,0,0,0
60159,Asian Female,0,0,0,0,0,0,0,0
60160,Black Male,0,0,1,0,0,0,1,2
60160,Black Female,0,0,0,0,0,0,0,0
60160,White Male,0,1,0,0,0,0,0,1
60160,White Female,0,0,0,0,0,0,0,0
60160,Hispanic Male,0,0,0,1,1,0,0,2
60160,Hispanic Female,0,0,0,0,0,0,0,0
60160,Asian Male,0,0,0,0,0,0,0,0
60160,Asian Female,0,0,0,0,0,0,0,0
60162,Black Male,0,0,0,0,0,0,0,0
60162,Black Female,0,0,0,0,0,0,0,0
60162,White Male,0,0,0,0,0,0,0,0
60162,White Female,0,0,0,0,0,0,0,0
60162,Hispanic Male,0,0,1,0,0,0,0,1
60162,Hispanic Female,0,0,0,0,0,0,0,0
60162,Asian Male,0,0,0,0,0,0,0,0
60162,Asian Female,0,0,0,0,0,0,0,0
60164,Black Male,0,0,0,0,0,0,0,0
60164,Black Female,0,0,0,0,0,0,0,0
60164,White Male,0,0,0,0,0,0,0,0
60164,White Female,0,0,0,0,0,0,0,0
60164,Hispanic Male,0,0,0,0,1,0,0,1
60164,Hispanic Female,0,0,0,0,0,0,0,0
60164,Asian Male,0,0,0,0,0,0,0,0
60164,Asian Female,0,0,0,0,0,0,0,0
60167,Black Male,1,0,0,0,0,0,0,1
60167,Black Female,0,0,0,0,0,0,0,0
60167,White Male,0,0,0,0,0,0,0,0
60167,White Female,0,0,0,0,0,0,0,0
60167,Hispanic Male,0,0,0,0,0,0,0,0
60167,Hispanic Female,0,0,0,0,0,0,0,0
60167,Asian Male,0,0,0,0,0,0,0,0
60167,Asian Female,0,0,0,0,0,0,0,0
60171,Black Male,0,0,0,0,0,0,0,0
60171,Black Female,0,0,0,0,0,0,0,0
60171,White Male,0,0,0,0,0,0,0,0
60171,White Female,0,0,0,0,0,0,0,0
60171,Hispanic Male,0,0,2,0,0,0,0,2
60171,Hispanic Female,0,0,0,0,0,0,0,0
60171,Asian Male,0,0,0,0,0,0,0,0
60171,Asian Female,0,0,0,0,0,0,0,0
60172,Black Male,0,0,1,0,0,0,0,1
60172,Black Female,0,0,0,0,0,0,0,0
60172,White Male,0,0,0,0,0,0,0,0
60172,White Female,0,0,0,0,0,0,0,0
60172,Hispanic Male,0,0,0,0,0,0,0,0
60172,Hispanic Female,0,0,0,0,0,0,0,0
60172,Asian Male,0,0,0,0,0,0,0,0
60172,Asian Female,0,0,0,0,0,0,0,0
60173,Black Male,0,0,0,0,0,0,0,0
60173,Black Female,0,0,0,0,0,0,0,0
60173,White Male,0,0,0,0,0,0,0,0
60173,White Female,0,0,0,0,0,0,0,0
60173,Hispanic Male,0,0,0,0,0,0,1,1
60173,Hispanic Female,0,0,0,0,0,0,0,0
60173,Asian Male,0,0,0,0,0,0,0,0
60173,Asian Female,0,0,0,0,0,0,0,0
60174,Black Male,0,0,0,0,0,0,0,0
60174,Black Female,0,0,0,0,0,0,0,0
60174,White Male,0,0,0,0,0,0,0,0
60174,White Female,0,0,0,0,0,0,0,0
60174,Hispanic Male,1,0,0,0,0,0,0,1
60174,Hispanic Female,0,0,0,0,0,0,0,0
60174,Asian Male,0,0,0,0,0,0,0,0
60174,Asian Female,0,0,0,0,0,0,0,0
60175,Black Male,0,0,0,0,0,0,0,0
60175,Black Female,0,0,0,0,0,0,0,0
60175,White Male,0,0,0,0,0,0,0,0
60175,White Female,0,0,0,0,0,0,0,0
60175,Hispanic Male,0,0,1,0,0,0,0,1
60175,Hispanic Female,0,0,0,0,0,0,0,0
60175,Asian Male,0,0,0,0,0,0,0,0
60175,Asian Female,0,0,0,0,0,0,0,0
60176,Black Male,0,0,0,0,0,1,0,1
60176,Black Female,0,0,0,0,0,0,0,0
60176,White Male,0,0,0,0,0,0,1,1
60176,White Female,0,0,0,0,0,0,0,0
60176,Hispanic Male,0,0,0,0,0,0,0,0
60176,Hispanic Female,0,0,0,0,0,0,0,0
60176,Asian Male,0,0,0,0,0,0,0,0
60176,Asian Female,0,0,0,0,0,0,0,0
60178,Black Male,0,0,0,0,0,0,1,1
60178,Black Female,0,0,0,0,0,0,0,0
60178,White Male,0,0,0,0,0,0,0,0
60178,White Female,0,0,0,0,0,0,0,0
60178,Hispanic Male,0,0,0,0,0,0,0,0
60178,Hispanic Female,0,0,0,0,0,0,0,0
60178,Asian Male,0,0,0,0,0,0,0,0
60178,Asian Female,0,0,0,0,0,0,0,0
60187,Black Male,0,0,0,0,0,1,1,2
60187,Black Female,0,0,0,0,0,0,0,0
60187,White Male,0,0,0,0,0,0,0,0
60187,White Female,0,0,0,0,0,0,0,0
60187,Hispanic Male,0,0,0,0,0,0,0,0
60187,Hispanic Female,0,0,0,0,0,0,0,0
60187,Asian Male,0,0,0,0,0,0,0,0
60187,Asian Female,0,0,0,0,0,0,0,0
60193,Black Male,0,0,0,0,0,0,0,0
60193,Black Female,0,0,0,0,0,0,0,0
60193,White Male,0,0,1,0,0,0,0,1
60193,White Female,0,0,0,0,0,0,0,0
60193,Hispanic Male,0,0,0,0,0,0,0,0
60193,Hispanic Female,0,0,0,0,0,0,0,0
60193,Asian Male,0,0,0,0,0,0,0,0
60193,Asian Female,0,0,0,0,0,0,0,0
60194,Black Male,0,0,0,1,0,1,0,2
60194,Black Female,0,0,0,0,0,0,0,0
60194,White Male,0,0,0,0,0,0,0,0
60194,White Female,0,0,0,0,0,0,0,0
60194,Hispanic Male,0,0,0,0,0,0,0,0
60194,Hispanic Female,0,0,0,0,0,0,0,0
60194,Asian Male,0,0,0,0,0,0,0,0
60194,Asian Female,0,0,0,0,0,0,0,0
60201,Black Male,1,1,1,1,2,1,0,7
60201,Black Female,0,0,0,0,0,0,0,0
60201,White Male,0,0,0,0,0,0,0,0
60201,White Female,0,0,0,0,0,0,0,0
60201,Hispanic Male,0,0,0,1,0,0,0,1
60201,Hispanic Female,0,0,0,0,0,0,0,0
60201,Asian Male,0,0,0,0,0,0,0,0
60201,Asian Female,0,0,0,0,0,0,0,0
60202,Black Male,2,0,0,0,0,0,0,2
60202,Black Female,0,0,0,0,0,0,0,0
60202,White Male,0,0,0,0,0,0,0,0
60202,White Female,0,0,0,0,0,0,0,0
60202,Hispanic Male,0,0,0,0,0,0,0,0
60202,Hispanic Female,0,0,0,0,0,0,0,0
60202,Asian Male,0,0,0,0,0,0,0,0
60202,Asian Female,0,0,0,0,0,0,0,0
60204,Black Male,0,0,0,0,0,0,0,0
60204,Black Female,0,0,0,0,0,0,0,0
60204,White Male,0,0,0,0,0,0,0,0
60204,White Female,0,0,0,0,0,0,0,0
60204,Hispanic Male,0,0,0,0,0,1,0,1
60204,Hispanic Female,0,0,0,0,0,0,0,0
60204,Asian Male,0,0,0,0,0,0,0,0
60204,Asian Female,0,0,0,0,0,0,0,0
60302,Black Male,0,1,0,0,1,1,0,3
60302,Black Female,0,0,0,0,0,0,0,0
60302,White Male,0,0,0,0,0,0,0,0
60302,White Female,0,0,0,0,0,0,0,0
60302,Hispanic Male,0,0,0,0,0,0,0,0
60302,Hispanic Female,0,0,0,0,0,0,0,0
60302,Asian Male,0,0,0,0,0,0,0,0
60302,Asian Female,0,0,0,0,0,0,0,0
60304,Black Male,0,0,0,0,0,0,0,0
60304,Black Female,0,0,0,0,0,0,0,0
60304,White Male,1,0,0,0,0,0,0,1
60304,White Female,0,0,0,0,0,0,0,0
60304,Hispanic Male,0,0,0,0,0,0,0,0
60304,Hispanic Female,0,0,0,0,0,0,0,0
60304,Asian Male,0,0,0,0,0,0,0,0
60304,Asian Female,0,0,0,0,0,0,0,0
60402,Black Male,0,0,0,1,1,0,0,2
60402,Black Female,0,0,0,0,0,0,0,0
60402,White Male,0,0,0,0,0,0,0,0
60402,White Female,0,0,0,0,0,0,0,0
60402,Hispanic Male,1,0,1,1,0,0,3,6
60402,Hispanic Female,0,1,0,0,0,0,0,1
60402,Asian Male,0,0,0,0,0,0,0,0
60402,Asian Female,0,0,0,0,0,0,0,0
60403,Black Male,0,0,0,1,4,6,4,15
60403,Black Female,0,0,0,0,0,0,0,0
60403,White Male,0,0,0,0,0,0,0,0
60403,White Female,0,0,0,0,0,0,0,0
60403,Hispanic Male,0,0,0,0,0,0,1,1
60403,Hispanic Female,0,0,0,0,0,0,0,0
60403,Asian Male,0,0,0,0,0,0,0,0
60403,Asian Female,0,0,0,0,0,0,0,0
60404,Black Male,0,0,0,0,0,0,0,0
60404,Black Female,0,0,0,0,0,0,0,0
60404,White Male,0,0,0,0,0,0,0,0
60404,White Female,0,0,0,0,0,0,0,0
60404,Hispanic Male,0,0,1,0,0,0,0,1
60404,Hispanic Female,0,0,0,0,0,0,0,0
60404,Asian Male,0,0,0,0,0,0,0,0
60404,Asian Female,0,0,0,0,0,0,0,0
60406,Black Male,2,0,1,0,0,0,0,3
60406,Black Female,0,0,0,0,0,0,0,0
60406,White Male,0,0,0,1,0,0,0,1
60406,White Female,0,0,0,0,0,0,0,0
60406,Hispanic Male,0,0,0,0,0,0,0,0
60406,Hispanic Female,0,0,0,0,0,0,0,0
60406,Asian Male,0,0,0,0,0,0,0,0
60406,Asian Female,0,0,0,0,0,0,0,0
60409,Black Male,3,2,2,3,2,3,1,16
60409,Black Female,0,0,0,0,0,0,0,0
60409,White Male,0,0,0,0,0,0,0,0
60409,White Female,0,0,0,0,0,0,0,0
60409,Hispanic Male,1,0,0,1,0,0,0,2
60409,Hispanic Female,0,0,0,0,0,0,0,0
60409,Asian Male,0,0,0,0,0,0,0,0
60409,Asian Female,0,0,0,0,0,0,0,0
60411,Black Male,4,0,2,2,3,8,3,22
60411,Black Female,0,0,0,1,0,0,0,1
60411,White Male,0,0,0,1,0,0,0,1
60411,White Female,0,0,0,0,0,0,0,0
60411,Hispanic Male,1,0,3,0,0,0,0,4
60411,Hispanic Female,0,0,0,0,0,0,0,0
60411,Asian Male,0,0,0,0,0,0,0,0
60411,Asian Female,0,0,0,0,0,0,0,0
60419,Black Male,1,1,2,1,0,0,2,7
60419,Black Female,0,0,0,0,0,0,0,0
60419,White Male,0,0,0,0,0,0,0,0
60419,White Female,0,0,0,0,0,0,0,0
60419,Hispanic Male,0,0,0,0,0,0,0,0
60419,Hispanic Female,1,0,0,0,0,0,0,1
60419,Asian Male,0,0,0,0,0,0,0,0
60419,Asian Female,0,0,0,0,0,0,0,0
60420,Black Male,0,0,0,0,0,0,0,0
60420,Black Female,0,0,0,0,0,0,0,0
60420,White Male,0,0,0,0,0,0,0,0
60420,White Female,0,0,0,0,0,0,1,1
60420,Hispanic Male,0,0,0,0,0,0,0,0
60420,Hispanic Female,0,0,0,0,1,0,0,1
60420,Asian Male,0,0,0,0,0,0,0,0
60420,Asian Female,0,0,0,0,0,0,0,0
60421,Black Male,1,0,0,0,0,0,0,1
60421,Black Female,0,0,0,0,0,0,0,0
60421,White Male,0,0,0,0,0,0,0,0
60421,White Female,0,0,0,0,0,0,0,0
60421,Hispanic Male,0,0,0,0,0,0,0,0
60421,Hispanic Female,0,0,0,0,0,0,0,0
60421,Asian Male,0,0,0,0,0,0,0,0
60421,Asian Female,0,0,0,0,0,0,0,0
60425,Black Male,0,1,0,0,0,0,1,2
60425,Black Female,0,0,0,0,0,1,0,1
60425,White Male,0,0,0,0,0,0,0,0
60425,White Female,0,0,0,0,0,0,0,0
60425,Hispanic Male,0,0,0,0,0,0,0,0
60425,Hispanic Female,0,0,0,0,0,0,0,0
60425,Asian Male,0,0,0,0,0,0,0,0
60425,Asian Female,0,0,0,0,0,0,0,0
60426,Black Male,5,7,5,0,1,3,3,24
60426,Black Female,0,0,0,0,0,0,0,0
60426,White Male,0,0,1,0,0,0,0,1
60426,White Female,0,0,0,0,0,0,0,0
60426,Hispanic Male,1,0,0,0,0,0,0,1
60426,Hispanic Female,0,0,0,0,0,0,0,0
60426,Asian Male,0,0,0,0,0,0,0,0
60426,Asian Female,0,0,0,0,0,0,0,0
60428,Black Male,0,0,0,1,1,1,2,5
60428,Black Female,0,0,0,0,0,0,0,0
60428,White Male,0,0,0,0,,0,0,0
60428,White Female,0,0,0,0,0,0,0,0
60428,Hispanic Male,0,0,0,0,0,0,0,0
60428,Hispanic Female,0,0,0,0,0,0,0,0
60428,Asian Male,0,0,0,0,0,0,0,0
60428,Asian Female,0,0,0,0,0,0,0,0
60429,Black Male,1,0,0,1,1,1,0,4
60429,Black Female,0,0,0,0,0,0,0,0
60429,White Male,0,0,0,0,0,0,0,0
60429,White Female,0,0,0,0,0,0,0,0
60429,Hispanic Male,0,0,0,0,0,0,0,0
60429,Hispanic Female,0,0,0,0,0,0,0,0
60429,Asian Male,0,0,0,0,0,0,0,0
60429,Asian Female,0,0,0,0,0,0,0,0
60430,Black Male,1,0,0,0,0,0,0,1
60430,Black Female,0,0,0,0,0,0,0,0
60430,White Male,0,0,0,0,0,0,0,0
60430,White Female,0,0,0,0,0,0,0,0
60430,Hispanic Male,0,0,0,0,0,0,0,0
60430,Hispanic Female,0,0,0,0,0,0,0,0
60430,Asian Male,0,0,0,0,0,0,0,0
60430,Asian Female,0,0,0,0,0,0,0,0
60431,Black Male,0,0,1,0,0,2,3,6
60431,Black Female,0,0,0,0,0,0,0,0
60431,White Male,0,0,0,0,0,0,1,1
60431,White Female,0,0,0,0,0,0,0,0
60431,Hispanic Male,0,0,0,0,0,0,0,0
60431,Hispanic Female,0,0,0,0,0,0,0,0
60431,Asian Male,0,0,0,0,0,0,0,0
60431,Asian Female,0,0,0,0,0,0,0,0
60432,Black Male,1,0,1,0,0,0,0,2
60432,Black Female,0,0,0,0,0,0,0,0
60432,White Male,0,0,0,0,0,0,0,0
60432,White Female,0,0,0,0,0,0,0,0
60432,Hispanic Male,0,0,0,0,0,0,0,0
60432,Hispanic Female,0,0,0,0,0,0,0,0
60432,Asian Male,0,0,0,0,0,0,0,0
60432,Asian Female,0,0,0,0,0,0,0,0
60434,Black Male,0,0,2,2,6,6,9,25
60434,Black Female,0,0,0,0,0,0,0,0
60434,White Male,0,0,0,0,0,0,0,0
60434,White Female,0,0,0,0,0,0,0,0
60434,Hispanic Male,0,0,0,0,0,0,1,1
60434,Hispanic Female,0,0,0,0,0,0,0,0
60434,Asian Male,0,0,0,0,0,0,0,0
60434,Asian Female,0,0,0,0,0,0,0,0
60435,Black Male,0,0,0,0,0,0,1,1
60435,Black Female,0,0,0,0,0,0,0,0
60435,White Male,0,0,0,0,0,0,0,0
60435,White Female,0,0,0,0,0,0,0,0
60435,Hispanic Male,1,0,0,0,0,0,0,1
60435,Hispanic Female,0,0,0,0,0,0,0,0
60435,Asian Male,0,0,0,0,0,0,0,0
60435,Asian Female,0,0,0,0,0,0,0,0
60438,Black Male,0,1,1,0,2,1,1,6
60438,Black Female,0,0,0,0,0,0,0,0
60438,White Male,0,0,0,0,0,1,0,1
60438,White Female,0,0,0,0,0,0,0,0
60438,Hispanic Male,0,0,0,0,0,0,0,0
60438,Hispanic Female,0,0,0,0,0,0,0,0
60438,Asian Male,0,0,0,0,0,0,0,0
60438,Asian Female,0,0,0,0,0,0,0,0
60440,Black Male,0,0,0,0,0,0,1,1
60440,Black Female,0,0,0,0,0,0,0,0
60440,White Male,0,0,0,0,0,0,0,0
60440,White Female,0,0,0,0,0,0,0,0
60440,Hispanic Male,2,0,0,0,0,1,0,3
60440,Hispanic Female,0,0,0,0,0,0,0,0
60440,Asian Male,0,0,0,0,0,0,0,0
60440,Asian Female,0,0,0,0,0,0,0,0
60443,Black Male,0,0,1,1,0,0,0,2
60443,Black Female,0,0,0,0,0,0,0,0
60443,White Male,0,0,0,0,0,0,0,0
60443,White Female,0,0,0,0,0,0,0,0
60443,Hispanic Male,0,0,0,0,0,0,0,0
60443,Hispanic Female,0,0,0,0,0,0,0,0
60443,Asian Male,0,0,0,0,0,0,0,0
60443,Asian Female,0,0,0,0,0,0,0,0
60445,Black Male,0,0,0,0,0,0,0,0
60445,Black Female,0,0,0,0,0,0,0,0
60445,White Male,0,0,0,0,1,0,0,1
60445,White Female,0,0,0,0,0,0,0,0
60445,Hispanic Male,0,0,0,0,0,0,0,0
60445,Hispanic Female,0,0,0,0,0,1,0,1
60445,Asian Male,0,0,0,0,0,0,0,0
60445,Asian Female,0,0,0,0,0,0,0,0
60449,Black Male,0,0,0,0,1,0,0,1
60449,Black Female,0,0,0,0,0,0,0,0
60449,White Male,0,0,0,0,0,0,0,0
60449,White Female,0,0,0,0,0,0,0,0
60449,Hispanic Male,0,0,0,0,0,0,0,0
60449,Hispanic Female,0,0,0,0,0,0,0,0
60449,Asian Male,0,0,0,0,0,0,0,0
60449,Asian Female,0,0,0,0,0,0,0,0
60453,Black Male,0,0,0,0,0,0,0,0
60453,Black Female,0,0,0,0,0,0,0,0
60453,White Male,0,0,0,0,2,0,0,2
60453,White Female,0,0,0,0,0,0,0,0
60453,Hispanic Male,0,0,0,0,0,0,0,0
60453,Hispanic Female,0,0,0,0,0,0,0,0
60453,Asian Male,0,0,0,0,0,0,0,0
60453,Asian Female,0,0,0,0,0,0,0,0
60455,Black Male,0,0,0,0,0,0,0,0
60455,Black Female,0,0,0,0,0,0,0,0
60455,White Male,0,0,0,0,0,0,0,0
60455,White Female,0,0,0,0,0,0,0,0
60455,Hispanic Male,0,0,0,0,0,0,0,0
60455,Hispanic Female,0,0,0,0,0,1,0,1
60455,Asian Male,0,0,0,0,0,0,0,0
60455,Asian Female,0,0,0,0,0,0,0,0
60458,Black Male,0,0,0,1,0,1,0,2
60458,Black Female,0,0,0,0,0,0,0,0
60458,White Male,0,0,0,0,0,0,0,0
60458,White Female,0,0,0,0,0,0,0,0
60458,Hispanic Male,0,0,0,0,0,0,0,0
60458,Hispanic Female,0,0,0,0,0,0,0,0
60458,Asian Male,0,0,0,0,0,0,0,0
60458,Asian Female,0,0,0,0,0,0,0,0
60459,Black Male,0,0,0,0,0,0,0,0
60459,Black Female,0,0,0,0,0,0,0,0
60459,White Male,0,0,0,0,0,0,1,1
60459,White Female,0,0,0,0,0,0,0,0
60459,Hispanic Male,0,0,0,0,0,0,0,0
60459,Hispanic Female,0,0,0,0,0,0,0,0
60459,Asian Male,0,0,0,0,0,0,0,0
60459,Asian Female,0,0,0,0,0,0,0,0
60462,Black Male,0,0,0,0,0,0,0,0
60462,Black Female,0,0,0,0,0,0,0,0
60462,White Male,0,0,1,0,0,0,0,1
60462,White Female,0,0,0,0,0,0,0,0
60462,Hispanic Male,0,0,0,0,0,0,0,0
60462,Hispanic Female,0,0,0,0,0,0,0,0
60462,Asian Male,0,0,0,0,0,0,0,0
60462,Asian Female,0,0,0,0,0,0,0,0
60465,Black Male,0,0,0,0,1,0,0,1
60465,Black Female,0,0,0,0,0,0,0,0
60465,White Male,0,0,1,0,0,0,0,1
60465,White Female,1,0,0,0,0,0,0,1
60465,Hispanic Male,0,0,0,0,0,0,0,0
60465,Hispanic Female,0,0,0,0,0,0,0,0
60465,Asian Male,0,0,0,0,0,0,0,0
60465,Asian Female,0,0,0,0,0,0,0,0
60466,Black Male,1,0,1,0,1,1,3,7
60466,Black Female,0,0,0,0,0,0,1,1
60466,White Male,0,0,0,0,0,0,0,0
60466,White Female,0,0,0,0,0,0,0,0
60466,Hispanic Male,0,0,0,0,0,0,1,1
60466,Hispanic Female,0,0,0,0,0,0,0,0
60466,Asian Male,0,0,0,0,0,0,0,0
60466,Asian Female,0,0,0,0,0,0,0,0
60469,Black Male,1,0,0,0,0,0,0,1
60469,Black Female,0,0,0,0,0,0,0,0
60469,White Male,0,0,0,0,0,0,0,0
60469,White Female,0,0,0,0,0,0,0,0
60469,Hispanic Male,0,0,0,0,0,0,0,0
60469,Hispanic Female,0,0,0,0,0,0,0,0
60469,Asian Male,0,0,0,0,0,0,0,0
60469,Asian Female,0,0,0,0,0,0,0,0
60471,Black Male,1,0,0,0,1,0,3,5
60471,Black Female,0,0,0,0,0,0,0,0
60471,White Male,0,0,0,0,0,0,0,0
60471,White Female,0,0,0,0,0,0,0,0
60471,Hispanic Male,0,0,0,0,0,0,0,0
60471,Hispanic Female,0,0,0,0,0,0,0,0
60471,Asian Male,0,0,0,0,0,0,0,0
60471,Asian Female,0,0,0,0,0,0,0,0
60473,Black Male,1,1,0,0,0,0,0,2
60473,Black Female,0,0,0,0,0,0,0,0
60473,White Male,0,0,0,0,0,0,0,0
60473,White Female,0,0,0,0,0,0,0,0
60473,Hispanic Male,0,0,0,0,0,1,0,1
60473,Hispanic Female,0,0,0,0,0,0,0,0
60473,Asian Male,0,0,0,0,0,0,0,0
60473,Asian Female,0,0,0,0,0,0,0,0
60475,Black Male,1,0,0,0,0,1,0,2
60475,Black Female,0,0,0,0,0,0,0,0
60475,White Male,0,0,0,0,0,0,0,0
60475,White Female,0,0,0,0,0,0,0,0
60475,Hispanic Male,0,0,0,0,0,0,0,0
60475,Hispanic Female,0,0,0,0,0,0,0,0
60475,Asian Male,0,0,0,0,0,0,0,0
60475,Asian Female,0,0,0,0,0,0,0,0
60477,Black Male,0,0,0,0,0,0,0,0
60477,Black Female,0,0,0,0,0,0,0,0
60477,White Male,0,0,1,0,0,0,0,1
60477,White Female,0,0,0,0,0,0,0,0
60477,Hispanic Male,0,0,0,0,0,0,0,0
60477,Hispanic Female,0,0,0,0,0,0,0,0
60477,Asian Male,0,0,0,0,0,0,0,0
60477,Asian Female,0,0,0,0,0,0,0,0
60478,Black Male,3,0,0,0,0,0,0,3
60478,Black Female,0,1,0,0,0,0,0,1
60478,White Male,0,0,0,0,0,0,0,0
60478,White Female,0,0,0,0,0,0,0,0
60478,Hispanic Male,0,0,0,0,0,0,0,0
60478,Hispanic Female,0,0,0,0,0,0,0,0
60478,Asian Male,0,0,0,0,0,0,0,0
60478,Asian Female,0,0,0,0,0,0,0,0
60480,Black Male,0,0,0,0,0,0,0,0
60480,Black Female,0,0,0,0,0,0,0,0
60480,White Male,0,0,0,0,0,0,1,1
60480,White Female,0,0,0,0,0,0,0,0
60480,Hispanic Male,0,1,0,0,0,0,0,1
60480,Hispanic Female,0,0,0,0,0,0,0,0
60480,Asian Male,0,0,0,0,0,0,0,0
60480,Asian Female,0,0,0,0,0,0,0,0
60482,Black Male,0,0,0,0,0,1,0,1
60482,Black Female,0,0,0,0,0,0,0,0
60482,White Male,0,0,0,0,0,0,0,0
60482,White Female,0,0,0,0,0,0,0,0
60482,Hispanic Male,0,0,0,0,0,0,0,0
60482,Hispanic Female,0,0,0,0,0,0,0,0
60482,Asian Male,0,0,0,0,0,0,0,0
60482,Asian Female,0,0,0,0,0,0,0,0
60490,Black Male,0,0,0,0,0,1,0,1
60490,Black Female,0,0,0,0,0,0,0,0
60490,White Male,0,0,0,0,0,0,0,0
60490,White Female,0,0,0,0,0,0,0,0
60490,Hispanic Male,0,0,0,0,0,0,0,0
60490,Hispanic Female,0,0,0,0,0,0,0,0
60490,Asian Male,0,0,0,0,0,0,0,0
60490,Asian Female,0,0,0,0,0,0,0,0
60491,Black Male,0,0,0,0,0,0,0,0
60491,Black Female,0,0,0,0,0,0,0,0
60491,White Male,0,0,0,0,0,0,0,0
60491,White Female,0,0,0,0,0,0,0,0
60491,Hispanic Male,0,0,0,1,0,0,0,1
60491,Hispanic Female,0,0,0,0,0,0,0,0
60491,Asian Male,0,0,0,0,0,0,0,0
60491,Asian Female,0,0,0,0,0,0,0,0
60501,Black Male,0,0,1,0,0,0,0,1
60501,Black Female,0,0,0,0,0,0,0,0
60501,White Male,0,0,0,0,0,0,0,0
60501,White Female,0,0,0,0,0,0,0,0
60501,Hispanic Male,0,0,0,1,1,0,2,4
60501,Hispanic Female,0,0,0,0,0,0,0,0
60501,Asian Male,0,0,0,0,0,0,0,0
60501,Asian Female,0,0,0,0,0,0,0,0
60510,Black Male,0,0,0,0,0,0,1,1
60510,Black Female,0,0,0,0,0,0,0,0
60510,White Male,0,0,0,0,0,0,0,0
60510,White Female,0,0,0,0,0,0,0,0
60510,Hispanic Male,0,0,0,0,0,0,0,0
60510,Hispanic Female,0,0,0,0,0,0,0,0
60510,Asian Male,0,0,0,0,0,0,0,0
60510,Asian Female,0,0,0,0,0,0,0,0
60527,Black Male,1,0,0,0,0,0,0,1
60527,Black Female,0,0,0,0,0,0,0,0
60527,White Male,0,0,0,0,0,0,0,0
60527,White Female,0,0,0,0,0,0,0,0
60527,Hispanic Male,0,0,0,0,0,0,0,0
60527,Hispanic Female,0,0,0,0,0,0,0,0
60527,Asian Male,0,0,0,0,0,0,0,0
60527,Asian Female,0,0,0,0,0,0,0,0
60534,Black Male,0,0,0,0,0,0,1,1
60534,Black Female,0,0,0,0,0,0,0,0
60534,White Male,0,0,0,0,0,0,0,0
60534,White Female,0,0,0,0,0,0,0,0
60534,Hispanic Male,1,0,0,0,0,0,0,1
60534,Hispanic Female,0,0,0,0,0,0,0,0
60534,Asian Male,0,0,0,0,0,0,0,0
60534,Asian Female,0,0,0,0,0,0,0,0
60563,Black Male,0,1,0,0,0,0,0,1
60563,Black Female,0,0,0,0,0,0,0,0
60563,White Male,0,0,0,0,0,0,0,0
60563,White Female,0,0,0,0,0,0,0,0
60563,Hispanic Male,0,0,0,0,0,0,0,0
60563,Hispanic Female,0,0,0,0,0,0,0,0
60563,Asian Male,0,0,0,0,0,0,0,0
60563,Asian Female,0,0,0,0,0,0,0,0
60586,Black Male,0,0,0,0,0,0,0,0
60586,Black Female,0,0,0,0,0,0,0,0
60586,White Male,0,0,0,0,0,0,0,0
60586,White Female,0,0,0,0,0,0,0,0
60586,Hispanic Male,0,1,0,0,0,0,0,1
60586,Hispanic Female,0,0,0,0,0,0,0,0
60586,Asian Male,0,0,0,0,0,0,0,0
60586,Asian Female,0,0,0,0,0,0,0,0
60601,Black Male,0,1,1,5,3,0,2,12
60601,Black Female,0,0,0,0,0,0,0,0
60601,White Male,0,0,0,0,0,0,0,0
60601,White Female,0,0,0,0,0,0,0,0
60601,Hispanic Male,0,0,1,0,2,0,0,3
60601,Hispanic Female,0,0,0,0,0,0,0,0
60601,Asian Male,0,0,0,0,0,0,0,0
60601,Asian Female,0,0,0,0,0,0,0,0
60602,Black Male,0,1,0,0,0,0,0,1
60602,Black Female,0,0,0,0,0,0,0,0
60602,White Male,0,0,0,0,0,0,0,0
60602,White Female,0,0,0,0,0,0,0,0
60602,Hispanic Male,0,0,0,0,0,0,0,0
60602,Hispanic Female,0,0,0,0,0,0,0,0
60602,Asian Male,0,0,0,0,0,0,0,0
60602,Asian Female,0,0,0,0,0,0,0,0
60605,Black Male,0,0,0,1,0,0,0,1
60605,Black Female,0,0,0,0,0,0,0,0
60605,White Male,0,0,0,0,0,0,0,0
60605,White Female,0,0,0,0,0,0,0,0
60605,Hispanic Male,0,0,0,0,0,0,0,0
60605,Hispanic Female,0,0,0,0,0,0,0,0
60605,Asian Male,0,0,0,0,0,0,0,0
60605,Asian Female,0,0,0,0,0,0,0,0
60607,Black Male,0,3,3,5,6,4,2,23
60607,Black Female,0,0,0,0,1,0,0,1
60607,White Male,0,0,0,0,0,0,0,0
60607,White Female,0,0,0,0,0,0,0,0
60607,Hispanic Male,0,0,0,2,0,0,0,2
60607,Hispanic Female,0,0,0,0,0,0,1,1
60607,Asian Male,0,0,0,0,0,0,0,0
60607,Asian Female,0,0,0,0,0,0,0,0
60608,Black Male,4,16,19,8,10,57,73,187
60608,Black Female,0,0,0,0,0,3,2,5
60608,White Male,0,1,0,0,0,0,1,2
60608,White Female,0,0,0,0,0,0,0,0
60608,Hispanic Male,2,2,4,1,2,10,9,30
60608,Hispanic Female,0,0,0,0,0,0,0,0
60608,Asian Male,0,0,0,0,0,0,0,0
60608,Asian Female,0,0,0,0,0,0,0,0
60609,Black Male,3,9,2,7,7,5,7,40
60609,Black Female,0,0,0,0,2,0,0,2
60609,White Male,0,0,0,0,0,0,2,2
60609,White Female,0,0,0,0,0,0,0,0
60609,Hispanic Male,1,3,2,4,0,0,2,12
60609,Hispanic Female,0,0,0,0,0,0,0,0
60609,Asian Male,0,0,0,0,0,0,0,0
60609,Asian Female,0,0,0,0,0,0,0,0
60609,American Indian Male,0,0,0,0,1,0,0,1
60609,American Indian Female,0,0,0,0,0,0,0,0
60610,Black Male,2,2,2,2,0,2,5,15
60610,Black Female,0,0,0,0,0,0,0,0
60610,White Male,0,0,0,0,0,0,0,0
60610,White Female,0,0,0,0,0,0,0,0
60610,Hispanic Male,0,0,0,0,0,0,0,0
60610,Hispanic Female,0,0,0,0,0,0,0,0
60610,Asian Male,0,0,0,0,0,0,0,0
60610,Asian Female,0,0,0,0,0,0,0,0
60611,Black Male,1,0,0,0,0,0,0,1
60611,Black Female,0,0,0,0,0,0,0,0
60611,White Male,0,0,0,0,0,0,0,0
60611,White Female,0,0,0,0,0,0,0,0
60611,Hispanic Male,0,0,0,0,0,0,0,0
60611,Hispanic Female,0,0,0,0,0,0,0,0
60611,Asian Male,0,0,0,0,0,0,0,0
60611,Asian Female,0,0,0,0,0,0,0,0
60612,Black Male,9,14,9,6,0,12,10,60
60612,Black Female,0,0,0,1,0,0,0,1
60612,White Male,0,0,1,0,0,0,0,1
60612,White Female,0,0,0,0,0,0,0,0
60612,Hispanic Male,0,3,2,0,0,0,0,5
60612,Hispanic Female,0,0,0,0,0,0,0,0
60612,Asian Male,0,0,0,0,0,0,0,0
60612,Asian Female,0,0,0,0,0,0,0,0
60613,Black Male,0,0,0,1,0,0,0,1
60613,Black Female,0,0,0,0,0,0,0,0
60613,White Male,0,0,0,0,0,0,0,0
60613,White Female,0,0,0,0,0,0,0,0
60613,Hispanic Male,0,0,0,1,0,0,0,1
60613,Hispanic Female,0,0,0,0,0,0,0,0
60613,Asian Male,0,0,0,0,0,0,0,0
60613,Asian Female,0,0,0,0,0,0,0,0
60614,Black Male,0,1,0,0,0,0,0,1
60614,Black Female,0,0,0,0,0,0,0,0
60614,White Male,0,0,0,0,0,0,0,0
60614,White Female,0,0,0,0,0,0,0,0
60614,Hispanic Male,0,0,0,0,0,0,0,0
60614,Hispanic Female,0,0,0,0,0,0,0,0
60614,Asian Male,0,0,0,0,0,0,0,0
60614,Asian Female,0,0,0,0,0,0,0,0
60615,Black Male,6,4,4,3,2,5,1,25
60615,Black Female,0,0,0,0,1,1,0,2
60615,White Male,0,0,0,0,0,0,0,0
60615,White Female,0,0,0,0,0,0,0,0
60615,Hispanic Male,0,0,0,0,0,0,0,0
60615,Hispanic Female,0,0,0,0,0,0,0,0
60615,Asian Male,0,0,0,0,0,0,0,0
60615,Asian Female,0,0,0,0,0,0,0,0
60616,Black Male,2,3,1,1,1,2,2,12
60616,Black Female,1,0,0,0,0,0,0,1
60616,White Male,0,0,0,0,0,0,0,0
60616,White Female,0,0,0,0,0,0,0,0
60616,Hispanic Male,0,0,0,0,0,0,0,0
60616,Hispanic Female,0,0,0,0,0,0,0,0
60616,Asian Male,0,0,0,0,0,0,0,0
60616,Asian Female,0,0,0,0,0,0,0,0
60617,Black Male,8,11,6,9,10,9,7,60
60617,Black Female,0,1,1,0,1,0,0,3
60617,White Male,0,0,0,0,0,0,0,0
60617,White Female,0,0,0,0,0,0,0,0
60617,Hispanic Male,0,3,1,0,0,2,1,7
60617,Hispanic Female,0,0,0,0,0,0,0,0
60617,Asian Male,0,0,0,0,0,0,0,0
60617,Asian Female,0,0,0,0,0,0,0,0
60618,Black Male,4,1,0,1,0,1,0,8
60618,Black Female,0,0,0,0,1,0,0,0
60618,White Male,0,0,0,0,0,0,0,0
60618,White Female,0,0,0,0,0,0,0,0
60618,Hispanic Male,1,0,0,1,2,3,0,0
60618,Hispanic Female,0,0,0,0,0,0,0,0
60618,Asian Male,0,0,0,0,0,0,0,0
60618,Asian Female,0,0,0,0,0,0,0,0
60619,Black Male,12,14,10,11,4,10,14,75
60619,Black Female,2,1,1,0,0,1,1,6
60619,White Male,0,0,0,0,0,0,0,0
60619,White Female,0,0,0,0,0,0,0,0
60619,Hispanic Male,0,0,0,0,0,0,0,0
60619,Hispanic Female,0,0,0,0,0,0,0,0
60619,Asian Male,0,0,0,0,0,0,0,0
60619,Asian Female,0,0,0,0,0,0,0,0
60620,Black Male,11,5,10,7,8,14,13,68
60620,Black Female,0,1,0,1,1,1,1,5
60620,White Male,0,0,0,0,0,0,0,0
60620,White Female,0,0,0,0,0,0,0,0
60620,Hispanic Male,0,0,0,0,0,0,0,0
60620,Hispanic Female,0,0,0,0,0,0,0,0
60620,Asian Male,0,0,0,0,0,0,0,0
60620,Asian Female,0,0,0,0,0,0,0,0
60621,Black Male,10,12,10,9,11,12,14,78
60621,Black Female,1,1,0,2,1,0,0,5
60621,White Male,0,0,0,0,0,0,0,0
60621,White Female,0,0,0,0,0,0,0,0
60621,Hispanic Male,1,2,0,0,0,0,0,3
60621,Hispanic Female,0,0,0,0,1,0,0,1
60621,Asian Male,0,0,0,0,0,0,0,0
60621,Asian Female,0,0,0,0,0,0,0,0
60622,Black Male,0,0,0,1,2,0,3,6
60622,Black Female,0,0,0,0,0,0,1,1
60622,White Male,0,0,0,0,0,0,0,0
60622,White Female,0,0,0,0,0,0,0,0
60622,Hispanic Male,0,0,0,0,1,0,0,1
60622,Hispanic Female,0,0,0,0,0,0,0,0
60622,Asian Male,0,0,0,0,0,0,0,0
60622,Asian Female,0,0,0,0,0,0,0,0
60623,Black Male,12,9,22,13,8,0,9,73
60623,Black Female,0,1,0,0,0,0,2,3
60623,White Male,0,0,0,0,0,0,0,0
60623,White Female,0,0,0,0,0,0,0,0
60623,Hispanic Male,3,4,5,9,5,0,5,31
60623,Hispanic Female,1,0,0,0,0,0,0,1
60623,Asian Male,0,0,0,0,0,0,0,0
60623,Asian Female,0,0,0,0,0,0,0,0
60624,Black Male,16,19,18,18,16,17,18,122
60624,Black Female,1,1,0,2,0,1,4,9
60624,White Male,0,0,0,0,0,0,0,0
60624,White Female,0,0,0,0,0,0,0,0
60624,Hispanic Male,1,0,0,0,0,2,0,3
60624,Hispanic Female,0,0,0,0,0,0,0,0
60624,Asian Male,0,0,0,0,0,0,0,0
60624,Asian Female,0,0,0,0,0,0,0,0
60625,Black Male,0,4,5,1,0,1,1,12
60625,Black Female,0,0,0,0,0,0,0,0
60625,White Male,0,0,0,0,0,0,1,1
60625,White Female,0,0,0,0,0,0,0,0
60625,Hispanic Male,1,2,0,1,4,1,2,11
60625,Hispanic Female,0,0,0,0,0,0,0,0
60625,Asian Male,1,0,0,0,0,0,0,1
60625,Asian Female,0,0,0,0,0,0,0,0
60625,American Indian Male,0,0,0,0,0,0,1,1
60625,American Indian Female,0,0,0,0,0,0,0,0
60626,Black Male,3,3,3,7,7,2,0,25
60626,Black Female,1,1,0,0,0,0,2,4
60626,White Male,0,0,0,1,0,0,0,1
60626,White Female,0,0,0,0,0,0,0,0
60626,Hispanic Male,0,0,0,1,0,0,1,2
60626,Hispanic Female,0,0,0,0,0,0,0,0
60626,Asian Male,0,0,0,0,0,0,0,0
60626,Asian Female,0,0,0,0,0,0,0,0
60628,Black Male,18,16,11,12,15,17,20,109
60628,Black Female,0,1,0,0,0,2,0,3
60628,White Male,0,0,0,0,0,0,0,0
60628,White Female,0,0,0,0,0,0,0,0
60628,Hispanic Male,0,0,0,0,0,0,0,0
60628,Hispanic Female,0,0,0,0,0,0,0,0
60628,Asian Male,0,0,0,0,0,0,0,0
60628,Asian Female,0,0,0,0,0,0,0,0
60629,Black Male,7,6,8,4,5,7,7,44
60629,Black Female,0,0,0,0,0,0,0,0
60629,White Male,0,0,0,1,0,0,0,1
60629,White Female,0,0,0,0,0,0,0,0
60629,Hispanic Male,2,0,2,4,3,0,5,16
60629,Hispanic Female,0,0,0,1,0,2,0,3
60629,Asian Male,0,0,0,0,0,0,0,0
60629,Asian Female,0,0,0,0,0,0,0,0
60630,Black Male,1,0,0,1,0,1,0,3
60630,Black Female,0,0,0,0,0,0,0,0
60630,White Male,0,0,0,0,1,1,0,2
60630,White Female,0,0,0,0,0,0,0,0
60630,Hispanic Male,0,0,0,0,0,1,2,3
60630,Hispanic Female,0,0,0,0,0,0,0,0
60630,Asian Male,0,0,0,0,0,0,0,0
60630,Asian Female,0,0,0,0,0,0,0,0
60631,Black Male,0,0,0,0,1,0,0,1
60631,Black Female,0,0,0,0,0,0,0,0
60631,White Male,0,1,0,0,0,0,0,1
60631,White Female,0,0,0,0,0,0,0,0
60631,Hispanic Male,0,0,0,0,0,0,0,0
60631,Hispanic Female,0,0,0,0,0,0,0,0
60631,Asian Male,0,0,0,0,0,0,0,0
60631,Asian Female,0,0,0,0,0,0,0,0
60632,Black Male,1,0,0,0,0,0,0,1
60632,Black Female,0,0,0,0,0,0,0,0
60632,White Male,0,0,0,0,0,0,0,0
60632,White Female,0,0,0,0,0,0,0,0
60632,Hispanic Male,5,2,2,1,1,5,3,19
60632,Hispanic Female,0,0,0,0,0,0,0,0
60632,Asian Male,0,0,0,0,0,0,0,0
60632,Asian Female,0,0,0,0,0,0,0,0
60633,Black Male,3,0,0,0,0,0,0,3
60633,Black Female,0,0,0,0,0,0,0,0
60633,White Male,0,0,0,0,0,0,0,0
60633,White Female,0,0,0,0,0,0,0,0
60633,Hispanic Male,0,0,0,0,0,0,0,0
60633,Hispanic Female,0,0,0,0,0,0,0,0
60633,Asian Male,0,0,0,0,0,0,0,0
60633,Asian Female,0,0,0,0,0,0,0,0
60634,Black Male,0,0,0,0,2,0,2,4
60634,Black Female,0,0,0,0,0,0,0,0
60634,White Male,0,0,1,1,0,0,1,3
60634,White Female,1,0,0,0,0,0,0,1
60634,Hispanic Male,2,1,0,1,3,0,1,8
60634,Hispanic Female,2,0,0,0,0,0,0,2
60634,Asian Male,0,0,0,0,0,0,0,0
60634,Asian Female,0,0,0,0,0,0,0,0
60636,Black Male,12,6,10,10,11,8,7,64
60636,Black Female,0,0,0,1,1,1,0,3
60636,White Male,0,0,0,0,0,0,0,0
60636,White Female,0,0,0,0,0,0,0,0
60636,Hispanic Male,0,0,0,0,0,0,0,0
60636,Hispanic Female,0,0,0,0,0,0,0,0
60636,Asian Male,0,0,0,0,0,0,0,0
60636,Asian Female,0,0,0,0,0,0,0,0
60637,Black Male,6,10,9,10,7,3,9,54
60637,Black Female,0,0,0,0,0,0,1,1
60637,White Male,0,0,0,0,0,0,0,0
60637,White Female,0,0,0,0,0,0,0,0
60637,Hispanic Male,0,1,0,0,0,0,0,1
60637,Hispanic Female,0,0,0,0,0,0,0,0
60637,Asian Male,0,0,0,0,0,0,0,0
60637,Asian Female,0,0,0,0,0,0,0,0
60638,Black Male,0,0,0,0,0,1,1,2
60638,Black Female,0,0,0,0,0,0,0,0
60638,White Male,0,0,1,0,0,0,1,2
60638,White Female,0,0,0,0,0,0,2,2
60638,Hispanic Male,0,0,0,0,1,0,0,1
60638,Hispanic Female,0,0,0,0,2,0,0,2
60638,Asian Male,0,0,0,0,0,0,0,0
60638,Asian Female,0,0,0,0,0,0,0,0
60639,Black Male,0,3,0,2,6,2,3,16
60639,Black Female,0,0,0,0,0,0,0,0
60639,White Male,0,0,0,0,0,0,1,1
60639,White Female,0,0,0,0,0,0,0,0
60639,Hispanic Male,4,6,3,7,1,5,3,29
60639,Hispanic Female,0,1,0,0,0,0,0,1
60639,Asian Male,0,0,0,0,0,0,0,0
60639,Asian Female,0,0,0,0,0,0,0,0
60640,Black Male,1,0,2,0,0,2,0,5
60640,Black Female,1,0,0,0,0,0,0,1
60640,White Male,0,0,0,0,0,0,0,0
60640,White Female,0,0,0,0,0,0,0,0
60640,Hispanic Male,0,2,0,0,3,0,1,6
60640,Hispanic Female,0,0,0,0,0,0,0,0
60640,Asian Male,0,0,0,0,0,0,0,0
60640,Asian Female,0,0,0,0,0,0,1,1
60640,American Indian Male,0,0,0,0,0,1,0,1
60640,American Indian Female,0,0,0,0,0,0,0,0
60641,Black Male,4,0,0,2,0,0,2,8
60641,Black Female,0,0,0,0,0,1,0,1
60641,White Male,0,0,0,0,1,0,1,2
60641,White Female,0,0,0,0,0,0,0,0
60641,Hispanic Male,0,0,0,2,2,3,2,9
60641,Hispanic Female,0,1,0,0,1,0,0,2
60641,Asian Male,0,0,0,0,0,0,0,0
60641,Asian Female,0,0,0,0,0,0,0,0
60643,Black Male,9,4,3,6,6,1,4,33
60643,Black Female,1,0,0,0,0,0,0,1
60643,White Male,0,0,0,0,0,0,0,0
60643,White Female,0,0,0,0,0,0,0,0
60643,Hispanic Male,0,0,0,0,0,0,0,0
60643,Hispanic Female,0,0,0,0,0,0,0,0
60643,Asian Male,0,0,0,0,0,0,0,0
60643,Asian Female,0,0,0,0,0,0,0,0
60644,Black Male,13,13,12,21,15,9,14,97
60644,Black Female,0,0,1,1,0,1,3,6
60644,White Male,1,0,0,0,0,0,0,1
60644,White Female,0,0,0,0,0,0,0,0
60644,Hispanic Male,1,0,0,1,0,1,1,4
60644,Hispanic Female,0,0,0,0,0,,0,0
60644,Asian Male,0,0,0,0,0,0,0,0
60644,Asian Female,0,0,0,0,0,0,0,0
60645,Black Male,0,3,4,5,0,1,1,14
60645,Black Female,1,0,0,0,0,0,0,1
60645,White Male,0,0,0,1,0,0,1,2
60645,White Female,0,0,0,0,0,0,0,0
60645,Hispanic Male,0,1,0,1,1,0,0,3
60645,Hispanic Female,0,0,0,0,0,1,0,1
60645,Asian Male,0,0,0,0,0,0,0,0
60645,Asian Female,0,0,0,0,0,0,0,0
60645,American Indian Male,0,0,0,0,1,0,1,2
60645,American Indian Female,0,0,0,0,0,0,0,0
60646,Black Male,0,0,0,0,0,0,1,1
60646,Black Female,0,0,0,0,0,0,0,0
60646,White Male,0,0,0,0,0,0,0,0
60646,White Female,0,0,0,0,0,0,0,0
60646,Hispanic Male,0,1,0,0,0,0,1,2
60646,Hispanic Female,0,0,0,0,0,0,0,0
60646,Asian Male,0,0,0,0,0,0,0,0
60646,Asian Female,0,0,0,0,0,0,0,0
60647,Black Male,2,0,1,1,0,0,2,6
60647,Black Female,0,0,0,0,0,0,0,0
60647,White Male,0,0,0,0,0,0,0,0
60647,White Female,0,0,0,0,0,0,0,0
60647,Hispanic Male,1,1,2,5,1,1,2,13
60647,Hispanic Female,0,0,0,0,0,0,0,0
60647,Asian Male,0,0,0,0,0,0,0,0
60647,Asian Female,0,0,0,0,0,0,0,0
60649,Black Male,7,3,7,7,8,8,12,52
60649,Black Female,0,0,0,0,0,0,0,0
60649,White Male,0,0,0,0,0,0,0,0
60649,White Female,0,0,0,0,0,0,0,0
60649,Hispanic Male,0,0,0,0,0,0,0,0
60649,Hispanic Female,0,0,0,0,0,0,0,0
60649,Asian Male,0,0,0,0,0,0,0,0
60649,Asian Female,0,0,0,0,0,0,0,0
60651,Black Male,9,4,9,7,9,14,16,68
60651,Black Female,1,1,1,0,3,0,1,7
60651,White Male,0,0,0,0,0,0,0,0
60651,White Female,0,0,0,0,0,0,0,0
60651,Hispanic Male,1,1,3,2,3,0,4,14
60651,Hispanic Female,0,0,1,2,0,0,0,3
60651,Asian Male,0,0,0,0,0,0,0,0
60651,Asian Female,0,0,0,0,0,0,0,0
60652,Black Male,3,1,1,1,3,1,1,11
60652,Black Female,0,0,0,0,0,0,0,0
60652,White Male,0,0,0,0,0,0,0,0
60652,White Female,0,0,0,0,0,0,0,0
60652,Hispanic Male,0,0,1,0,0,2,2,5
60652,Hispanic Female,0,0,0,0,0,0,0,0
60652,Asian Male,0,0,0,0,0,0,0,0
60652,Asian Female,0,0,0,0,0,0,0,0
60653,Black Male,4,4,3,6,6,7,2,32
60653,Black Female,0,0,1,0,0,0,0,1
60653,White Male,0,0,0,0,0,0,0,0
60653,White Female,0,0,0,0,0,0,0,0
60653,Hispanic Male,0,0,0,0,1,0,0,1
60653,Hispanic Female,0,0,0,0,0,0,0,0
60653,Asian Male,0,0,0,0,0,0,0,0
60653,Asian Female,0,0,0,0,0,0,0,0
60656,Black Male,0,0,0,0,0,0,0,0
60656,Black Female,0,0,0,0,0,0,0,0
60656,White Male,0,1,0,0,0,0,0,1
60656,White Female,0,0,0,0,0,0,0,0
60656,Hispanic Male,0,0,0,0,0,0,0,0
60656,Hispanic Female,0,0,0,0,0,0,0,0
60656,Asian Male,0,0,0,0,0,0,0,0
60656,Asian Female,0,0,0,0,0,0,0,0
60659,Black Male,0,1,2,2,2,0,0,7
60659,Black Female,0,1,0,1,0,0,0,2
60659,White Male,0,0,0,0,0,0,0,0
60659,White Female,0,0,0,0,0,0,0,0
60659,Hispanic Male,1,0,0,0,0,1,1,3
60659,Hispanic Female,0,0,0,0,1,0,0,1
60659,Asian Male,0,0,0,0,0,0,0,0
60659,Asian Female,0,0,0,0,0,0,0,0
60660,Black Male,0,1,1,0,0,0,0,2
60660,Black Female,0,0,0,0,0,0,0,0
60660,White Male,1,0,0,0,0,0,0,1
60660,White Female,0,0,0,0,0,0,0,0
60660,Hispanic Male,0,0,0,1,0,0,0,1
60660,Hispanic Female,0,0,0,0,0,0,0,0
60660,Asian Male,0,0,0,0,0,0,0,0
60660,Asian Female,0,0,0,0,0,0,0,0
60668,Black Male,0,0,0,0,0,0,0,0
60668,Black Female,0,0,0,0,0,0,0,0
60668,White Male,0,0,0,0,0,0,0,0
60668,White Female,0,0,0,0,0,0,0,0
60668,Hispanic Male,0,0,0,0,0,0,0,0
60668,Hispanic Female,0,0,0,0,1,0,0,1
60668,Asian Male,0,0,0,0,0,0,0,0
60668,Asian Female,0,0,0,0,0,0,0,0
60707,Black Male,0,1,1,1,1,0,0,4
60707,Black Female,0,0,0,0,0,0,0,0
60707,White Male,0,0,0,0,0,0,0,0
60707,White Female,0,0,0,0,0,0,0,0
60707,Hispanic Male,0,0,1,0,1,0,0,2
60707,Hispanic Female,0,0,0,0,0,0,0,0
60707,Asian Male,0,0,0,0,0,0,0,0
60707,Asian Female,0,0,0,0,0,0,0,0
60714,Black Male,0,0,0,0,0,1,0,1
60714,Black Female,0,0,0,0,0,0,0,0
60714,White Male,0,0,0,0,0,0,0,0
60714,White Female,0,0,0,0,0,0,0,0
60714,Hispanic Male,0,0,0,0,0,0,0,0
60714,Hispanic Female,0,0,0,0,0,0,0,0
60714,Asian Male,0,0,0,0,0,0,0,0
60714,Asian Female,0,0,0,0,0,0,0,0
60802,Black Male,0,0,0,0,1,0,0,1
60802,Black Female,0,0,0,0,0,0,0,0
60802,White Male,0,0,0,0,0,0,0,0
60802,White Female,0,0,0,0,0,0,0,0
60802,Hispanic Male,0,0,0,0,0,0,0,0
60802,Hispanic Female,0,0,0,0,0,0,0,0
60802,Asian Male,0,0,0,0,0,0,0,0
60802,Asian Female,0,0,0,0,0,0,0,0
60803,Black Male,0,1,0,0,0,0,0,1
60803,Black Female,0,0,0,0,0,0,0,0
60803,White Male,0,0,0,0,0,0,0,0
60803,White Female,0,0,0,0,0,0,0,0
60803,Hispanic Male,0,0,0,0,0,0,0,0
60803,Hispanic Female,0,0,0,0,0,0,0,0
60803,Asian Male,0,0,0,0,0,0,0,0
60803,Asian Female,0,0,0,0,0,0,0,0
60804,Black Male,1,1,0,0,0,0,0,2
60804,Black Female,0,0,0,0,0,0,0,0
60804,White Male,0,0,0,0,0,0,2,2
60804,White Female,0,0,0,0,0,0,0,0
60804,Hispanic Male,0,0,1,5,0,0,5,11
60804,Hispanic Female,0,0,0,0,0,0,1,1
60804,Asian Male,0,0,0,0,0,0,0,0
60804,Asian Female,0,0,0,0,0,0,0,0
60805,Black Male,0,1,0,0,1,0,0,2
60805,Black Female,0,0,0,0,0,0,0,0
60805,White Male,0,0,1,0,0,0,1,2
60805,White Female,0,0,0,0,0,0,0,0
60805,Hispanic Male,0,0,0,0,0,0,0,0
60805,Hispanic Female,0,0,0,0,0,0,0,0
60805,Asian Male,0,0,0,0,0,0,0,0
60805,Asian Female,0,0,0,0,0,0,0,0
60808,Black Male,0,0,0,0,0,1,0,1
60808,Black Female,0,0,0,0,0,0,0,0
60808,White Male,0,0,0,0,0,0,0,0
60808,White Female,0,0,0,0,0,0,0,0
60808,Hispanic Male,0,0,0,0,0,0,0,0
60808,Hispanic Female,0,0,0,0,0,0,0,0
60808,Asian Male,0,0,0,0,0,0,0,0
60808,Asian Female,0,0,0,0,0,0,0,0
60827,Black Male,4,6,2,6,2,5,2,27
60827,Black Female,0,1,0,0,1,0,0,2
60827,White Male,0,0,0,0,0,0,0,0
60827,White Female,0,0,0,0,0,0,0,0
60827,Hispanic Male,0,0,0,0,0,0,0,0
60827,Hispanic Female,0,0,0,0,0,0,0,0
60827,Asian Male,0,0,0,0,0,0,0,0
60827,Asian Female,0,0,0,0,0,0,0,0
60901,Black Male,0,1,0,0,1,0,0,2
60901,Black Female,0,0,0,0,0,0,0,0
60901,White Male,0,0,0,0,0,0,0,0
60901,White Female,0,0,0,0,0,0,0,0
60901,Hispanic Male,0,0,1,0,0,0,0,1
60901,Hispanic Female,0,0,0,0,0,0,0,0
60901,Asian Male,0,0,0,0,0,0,0,0
60901,Asian Female,0,0,0,0,0,0,0,0
60914,Black Male,0,0,0,0,0,0,0,0
60914,Black Female,0,0,0,0,0,0,0,0
60914,White Male,0,0,0,0,0,0,0,0
60914,White Female,0,0,0,0,0,0,0,0
60914,Hispanic Male,0,0,0,0,0,0,0,0
60914,Hispanic Female,0,0,0,0,0,0,0,0
60914,Asian Male,0,0,0,0,0,0,0,0
60914,Asian Female,0,0,0,0,0,0,0,0
60950,Black Male,0,0,0,0,1,1,0,2
60950,Black Female,0,0,0,0,0,0,0,0
60950,White Male,0,0,0,0,0,0,0,0
60950,White Female,0,0,0,0,0,0,0,0
60950,Hispanic Male,0,0,0,0,0,1,0,1
60950,Hispanic Female,0,0,0,0,0,0,0,0
60950,Asian Male,0,0,0,0,0,0,0,0
60950,Asian Female,0,0,0,0,0,0,0,0
60954,Black Male,0,1,0,0,0,0,0,1
60954,Black Female,0,0,0,0,0,0,0,0
60954,White Male,0,0,0,0,0,0,0,0
60954,White Female,0,0,0,0,0,0,0,0
60954,Hispanic Male,0,0,0,0,0,0,0,0
60954,Hispanic Female,0,0,0,0,0,0,0,0
60954,Asian Male,0,0,0,0,0,0,0,0
60954,Asian Female,0,0,0,0,0,0,0,0
60955,Black Male,0,0,0,1,0,1,0,2
60955,Black Female,0,0,0,0,0,0,0,0
60955,White Male,0,0,0,0,0,0,0,0
60955,White Female,0,0,0,0,0,0,0,0
60955,Hispanic Male,0,0,0,0,0,0,0,0
60955,Hispanic Female,0,0,0,0,0,0,0,0
60955,Asian Male,0,0,0,0,0,0,0,0
60955,Asian Female,0,0,0,0,0,0,0,0
61021,Black Male,0,0,0,0,0,0,2,2
61021,Black Female,0,0,0,0,0,0,0,0
61021,White Male,0,0,0,0,0,0,0,0
61021,White Female,0,0,0,0,0,0,0,0
61021,Hispanic Male,0,0,0,0,0,0,0,0
61021,Hispanic Female,0,0,0,0,0,0,0,0
61021,Asian Male,0,0,0,0,0,0,0,0
61021,Asian Female,0,0,0,0,0,0,0,0
61032,Black Male,0,0,0,0,0,0,0,0
61032,Black Female,0,0,0,0,0,0,1,1
61032,White Male,0,0,0,0,0,0,0,0
61032,White Female,0,0,0,0,0,0,0,0
61032,Hispanic Male,0,0,0,0,0,0,0,0
61032,Hispanic Female,0,0,0,0,0,0,0,0
61032,Asian Male,0,0,0,0,0,0,0,0
61032,Asian Female,0,0,0,0,0,0,0,0
61081,Black Male,0,0,0,0,0,0,0,0
61081,Black Female,0,0,0,0,0,0,0,0
61081,White Male,0,0,0,0,0,0,0,0
61081,White Female,0,0,0,0,0,0,0,0
61081,Hispanic Male,0,0,0,0,1,0,0,1
61081,Hispanic Female,0,0,0,0,0,0,0,0
61081,Asian Male,0,0,0,0,0,0,0,0
61081,Asian Female,0,0,0,0,0,0,0,0
61101,Black Male,0,1,0,0,0,0,1,2
61101,Black Female,0,0,0,0,0,0,0,0
61101,White Male,0,0,0,0,0,0,0,0
61101,White Female,0,0,0,0,0,0,0,0
61101,Hispanic Male,0,0,0,0,0,0,0,0
61101,Hispanic Female,0,0,0,0,0,0,0,0
61101,Asian Male,0,0,0,0,0,0,0,0
61101,Asian Female,0,0,0,0,0,0,0,0
61102,Black Male,1,0,0,0,0,0,0,1
61102,Black Female,0,0,0,0,0,0,0,0
61102,White Male,0,0,0,0,0,0,0,0
61102,White Female,0,0,0,0,0,0,0,0
61102,Hispanic Male,0,0,0,0,0,0,0,0
61102,Hispanic Female,0,0,0,0,0,0,0,0
61102,Asian Male,0,0,0,0,0,0,0,0
61102,Asian Female,0,0,0,0,0,0,0,0
61104,Black Male,0,0,1,0,1,0,0,2
61104,Black Female,0,0,0,0,0,0,0,0
61104,White Male,0,0,0,0,0,0,0,0
61104,White Female,0,0,0,0,1,0,0,1
61104,Hispanic Male,0,0,0,0,0,0,0,0
61104,Hispanic Female,0,0,0,0,0,0,0,0
61104,Asian Male,0,0,0,0,0,0,0,0
61104,Asian Female,0,0,0,0,0,0,0,0
61201,Black Male,0,0,0,0,0,1,0,1
61201,Black Female,0,0,0,0,0,0,0,0
61201,White Male,0,0,0,0,0,0,0,0
61201,White Female,0,0,0,0,0,0,0,0
61201,Hispanic Male,0,0,0,0,0,0,0,0
61201,Hispanic Female,0,0,0,0,0,0,0,0
61201,Asian Male,0,0,0,0,0,0,0,0
61201,Asian Female,0,0,0,0,0,0,0,0
61238,Black Male,0,0,0,1,0,0,0,1
61238,Black Female,0,0,0,0,0,0,0,0
61238,White Male,0,0,0,0,0,0,0,0
61238,White Female,0,0,0,0,0,0,0,0
61238,Hispanic Male,0,0,0,0,0,0,0,0
61238,Hispanic Female,0,0,0,0,0,0,0,0
61238,Asian Male,0,0,0,0,0,0,0,0
61238,Asian Female,0,0,0,0,0,0,0,0
61244,Black Male,0,0,1,0,0,0,1,2
61244,Black Female,0,0,0,0,0,0,0,0
61244,White Male,0,0,0,0,0,0,0,0
61244,White Female,0,0,0,0,0,0,0,0
61244,Hispanic Male,0,0,0,0,0,0,0,0
61244,Hispanic Female,0,0,0,0,0,0,0,0
61244,Asian Male,0,0,0,0,0,0,0,0
61244,Asian Female,0,0,0,0,0,0,0,0
61520,Black Male,0,0,0,0,0,2,1,3
61520,Black Female,0,0,0,0,0,0,0,0
61520,White Male,0,0,0,0,0,0,0,0
61520,White Female,0,0,0,0,0,0,0,0
61520,Hispanic Male,0,0,0,0,0,0,0,0
61520,Hispanic Female,0,0,0,0,0,0,0,0
61520,Asian Male,0,0,0,0,0,0,0,0
61520,Asian Female,0,0,0,0,0,0,0,0
61537,Black Male,0,0,0,0,0,0,0,0
61537,Black Female,0,0,0,0,0,0,0,0
61537,White Male,0,0,0,0,0,0,1,1
61537,White Female,0,0,0,0,0,0,0,0
61537,Hispanic Male,0,0,0,0,0,0,0,0
61537,Hispanic Female,0,0,0,0,0,0,0,0
61537,Asian Male,0,0,0,0,0,0,0,0
61537,Asian Female,0,0,0,0,0,0,0,0
61602,Black Male,0,0,1,0,0,0,0,1
61602,Black Female,0,0,0,0,0,0,0,0
61602,White Male,0,0,0,0,0,0,0,0
61602,White Female,0,0,0,0,0,0,0,0
61602,Hispanic Male,0,0,0,0,0,0,0,0
61602,Hispanic Female,0,0,0,0,0,0,0,0
61602,Asian Male,0,0,0,0,0,0,0,0
61602,Asian Female,0,0,0,0,0,0,0,0
61603,Black Male,0,0,0,1,2,0,0,3
61603,Black Female,0,0,0,0,0,0,0,0
61603,White Male,0,0,0,0,0,0,0,0
61603,White Female,0,0,0,0,0,0,0,0
61603,Hispanic Male,0,0,0,0,1,0,0,1
61603,Hispanic Female,0,0,0,0,0,0,0,0
61603,Asian Male,0,0,0,0,0,0,0,0
61603,Asian Female,0,0,0,0,0,0,0,0
61604,Black Male,0,0,1,0,1,0,0,2
61604,Black Female,0,0,0,0,0,0,0,0
61604,White Male,0,0,0,0,0,0,0,0
61604,White Female,0,0,0,0,0,0,0,0
61604,Hispanic Male,0,0,0,0,0,0,0,0
61604,Hispanic Female,0,0,0,0,0,0,0,0
61604,Asian Male,0,0,0,0,0,0,0,0
61604,Asian Female,0,0,0,0,0,0,0,0
61605,Black Male,0,0,0,0,0,1,0,1
61605,Black Female,0,0,0,0,0,0,0,0
61605,White Male,0,0,0,0,0,0,0,0
61605,White Female,0,0,0,0,0,0,0,0
61605,Hispanic Male,0,0,0,0,0,0,0,0
61605,Hispanic Female,0,0,0,0,0,0,0,0
61605,Asian Male,0,0,0,0,0,0,0,0
61605,Asian Female,0,0,0,0,0,0,0,0
61649,Black Male,0,0,0,0,0,0,0,0
61649,Black Female,1,0,0,0,0,0,0,1
61649,White Male,0,0,0,0,0,0,0,0
61649,White Female,0,0,0,0,0,0,0,0
61649,Hispanic Male,0,0,0,0,0,0,0,0
61649,Hispanic Female,0,0,0,0,0,0,0,0
61649,Asian Male,0,0,0,0,0,0,0,0
61649,Asian Female,0,0,0,0,0,0,0,0
61764,Black Male,0,0,0,0,0,0,2,2
61764,Black Female,0,0,0,0,0,0,0,0
61764,White Male,0,0,0,0,0,0,0,0
61764,White Female,0,0,0,0,0,0,0,0
61764,Hispanic Male,0,0,0,0,0,0,1,1
61764,Hispanic Female,0,0,0,0,0,0,0,0
61764,Asian Male,0,0,0,0,0,0,0,0
61764,Asian Female,0,0,0,0,0,0,0,0
61801,Black Male,0,0,0,0,0,1,0,1
61801,Black Female,0,0,0,0,0,0,0,0
61801,White Male,0,0,0,0,0,0,0,0
61801,White Female,0,0,0,0,0,0,0,0
61801,Hispanic Male,0,0,0,0,0,0,0,0
61801,Hispanic Female,0,0,0,0,0,0,0,0
61801,Asian Male,0,0,0,0,0,0,0,0
61801,Asian Female,0,0,0,0,0,0,0,0
61822,Black Male,0,0,0,0,0,0,1,1
61822,Black Female,0,0,0,0,0,0,0,0
61822,White Male,0,0,0,0,0,0,0,0
61822,White Female,0,0,0,0,0,0,0,0
61822,Hispanic Male,0,0,0,0,0,0,0,0
61822,Hispanic Female,0,0,0,0,0,0,0,0
61822,Asian Male,0,0,0,0,0,0,0,0
61822,Asian Female,0,0,0,0,0,0,0,0
61832,Black Male,0,0,0,1,0,0,0,1
61832,Black Female,0,0,0,0,0,0,0,0
61832,White Male,0,0,0,0,0,0,0,0
61832,White Female,0,0,0,0,0,0,0,0
61832,Hispanic Male,0,0,0,0,0,0,0,0
61832,Hispanic Female,0,0,0,0,0,0,0,0
61832,Asian Male,0,0,0,0,0,0,0,0
61832,Asian Female,0,0,0,0,0,0,0,0
61925,Black Male,0,0,0,0,0,0,1,1
61925,Black Female,0,0,0,0,0,0,0,0
61925,White Male,0,0,0,0,0,0,0,0
61925,White Female,0,0,0,0,0,0,0,0
61925,Hispanic Male,0,0,0,0,0,0,0,0
61925,Hispanic Female,0,0,0,0,0,0,0,0
61925,Asian Male,0,0,0,0,0,0,0,0
61925,Asian Female,0,0,0,0,0,0,0,0
61938,Black Male,0,0,0,0,0,0,0,0
61938,Black Female,0,0,0,0,0,0,0,0
61938,White Male,0,0,1,0,0,0,0,1
61938,White Female,0,0,0,0,0,0,0,0
61938,Hispanic Male,0,0,0,0,0,0,0,0
61938,Hispanic Female,0,0,0,0,0,0,0,0
61938,Asian Male,0,0,0,0,0,0,0,0
61938,Asian Female,0,0,0,0,0,0,0,0
62025,Black Male,1,0,0,0,0,0,0,1
62025,Black Female,0,0,0,0,0,0,0,0
62025,White Male,0,0,0,0,0,0,0,0
62025,White Female,0,0,0,0,0,0,0,0
62025,Hispanic Male,0,0,0,0,0,0,0,0
62025,Hispanic Female,0,0,0,0,0,0,0,0
62025,Asian Male,0,0,0,0,0,0,0,0
62025,Asian Female,0,0,0,0,0,0,0,0
62026,Black Male,1,0,0,0,0,0,0,1
62026,Black Female,0,0,0,0,0,0,0,0
62026,White Male,0,0,0,0,0,0,0,0
62026,White Female,0,0,0,0,0,0,0,0
62026,Hispanic Male,0,0,0,0,0,0,0,0
62026,Hispanic Female,0,0,0,0,0,0,0,0
62026,Asian Male,0,0,0,0,0,0,0,0
62026,Asian Female,0,0,0,0,0,0,0,0
62049,Black Male,0,0,0,0,0,0,2,2
62049,Black Female,0,0,0,0,0,0,0,0
62049,White Male,0,0,0,0,0,0,0,0
62049,White Female,0,0,0,0,0,0,0,0
62049,Hispanic Male,0,0,0,0,0,0,0,0
62049,Hispanic Female,0,0,0,0,0,0,0,0
62049,Asian Male,0,0,0,0,0,0,0,0
62049,Asian Female,0,0,0,0,0,0,0,0
62203,Black Male,0,2,2,0,0,0,0,4
62203,Black Female,0,0,0,0,0,0,0,0
62203,White Male,0,0,0,0,0,0,0,0
62203,White Female,0,0,0,0,0,0,0,0
62203,Hispanic Male,0,0,0,0,0,0,0,0
62203,Hispanic Female,0,0,0,0,0,0,0,0
62203,Asian Male,0,0,0,0,0,0,0,0
62203,Asian Female,0,0,0,0,0,0,0,0
62274,Black Male,0,0,0,0,1,0,2,3
62274,Black Female,0,0,0,0,0,0,0,0
62274,White Male,0,0,0,0,0,0,0,0
62274,White Female,0,0,0,0,0,0,0,0
62274,Hispanic Male,0,0,0,0,0,0,0,0
62274,Hispanic Female,0,0,0,0,0,0,0,0
62274,Asian Male,0,0,0,0,0,0,0,0
62274,Asian Female,0,0,0,0,0,0,0,0
62353,Black Male,0,0,0,0,0,0,1,1
62353,Black Female,0,0,0,0,0,0,0,0
62353,White Male,0,0,0,0,0,0,0,0
62353,White Female,0,0,0,0,0,0,0,0
62353,Hispanic Male,0,0,0,0,0,0,0,0
62353,Hispanic Female,0,0,0,0,0,0,0,0
62353,Asian Male,0,0,0,0,0,0,0,0
62353,Asian Female,0,0,0,0,0,0,0,0
62454,Black Male,0,0,0,0,0,1,0,1
62454,Black Female,0,0,0,0,0,0,0,0
62454,White Male,0,0,0,0,0,0,0,0
62454,White Female,0,0,0,0,0,0,0,0
62454,Hispanic Male,0,0,0,0,0,0,0,0
62454,Hispanic Female,0,0,0,0,0,0,0,0
62454,Asian Male,0,0,0,0,0,0,0,0
62454,Asian Female,0,0,0,0,0,0,0,0
62471,Black Male,0,0,0,0,0,0,1,1
62471,Black Female,0,0,0,0,0,0,0,0
62471,White Male,0,0,0,0,0,0,0,0
62471,White Female,0,0,0,0,0,0,0,0
62471,Hispanic Male,0,0,0,0,0,0,0,0
62471,Hispanic Female,0,0,0,0,0,0,0,0
62471,Asian Male,0,0,0,0,0,0,0,0
62471,Asian Female,0,0,0,0,0,0,0,0
62521,Black Male,0,0,0,0,0,0,1,1
62521,Black Female,0,0,0,0,0,0,0,0
62521,White Male,0,0,0,0,0,0,0,0
62521,White Female,0,0,0,0,0,0,0,0
62521,Hispanic Male,0,0,0,0,0,0,0,0
62521,Hispanic Female,0,0,0,0,0,0,0,0
62521,Asian Male,0,0,0,0,0,0,0,0
62521,Asian Female,0,0,0,0,0,0,0,0
62526,Black Male,0,0,0,0,0,1,0,1
62526,Black Female,0,0,0,0,0,0,0,0
62526,White Male,0,0,0,0,0,0,0,0
62526,White Female,0,0,0,0,0,0,0,0
62526,Hispanic Male,0,0,0,0,0,0,0,0
62526,Hispanic Female,0,0,0,0,0,0,0,0
62526,Asian Male,0,0,0,0,0,0,0,0
62526,Asian Female,0,0,0,0,0,0,0,0
62650,Black Male,0,0,0,0,0,0,0,0
62650,Black Female,0,0,0,0,0,0,0,0
62650,White Male,0,0,0,0,0,0,0,0
62650,White Female,0,0,0,0,0,0,0,0
62650,Hispanic Male,0,0,0,0,0,0,0,0
62650,Hispanic Female,0,0,0,0,0,0,0,0
62650,Asian Male,0,0,0,0,0,0,0,0
62650,Asian Female,0,0,0,0,0,0,0,0
62656,Black Male,0,0,0,0,0,0,0,0
62656,Black Female,0,0,0,0,1,0,0,1
62656,White Male,0,0,0,0,0,0,0,0
62656,White Female,0,0,0,0,0,0,0,0
62656,Hispanic Male,0,0,0,0,0,0,0,0
62656,Hispanic Female,0,0,0,0,0,0,0,0
62656,Asian Male,0,0,0,0,0,0,0,0
62656,Asian Female,0,0,0,0,0,0,0,0
62681,Black Male,0,0,0,0,0,0,1,1
62681,Black Female,0,0,0,0,0,0,0,0
62681,White Male,0,0,0,0,0,0,0,0
62681,White Female,0,0,0,0,0,0,0,0
62681,Hispanic Male,0,0,0,0,0,0,0,0
62681,Hispanic Female,0,0,0,0,0,0,0,0
62681,Asian Male,0,0,0,0,0,0,0,0
62681,Asian Female,0,0,0,0,0,0,0,0
62701,Black Male,0,0,0,1,0,0,0,1
62701,Black Female,0,0,0,0,0,0,0,0
62701,White Male,0,0,0,0,0,0,0,0
62701,White Female,0,0,0,0,0,0,0,0
62701,Hispanic Male,0,0,0,0,0,0,0,0
62701,Hispanic Female,0,0,0,0,0,0,0,0
62701,Asian Male,0,0,0,0,0,0,0,0
62701,Asian Female,0,0,0,0,0,0,0,0
62702,Black Male,0,0,0,1,,0,0,1
62702,Black Female,0,0,0,0,0,0,0,0
62702,White Male,0,0,0,0,0,0,0,0
62702,White Female,0,0,0,0,0,0,0,0
62702,Hispanic Male,0,0,0,0,0,0,0,0
62702,Hispanic Female,0,0,0,0,0,0,0,0
62702,Asian Male,0,0,0,0,0,0,0,0
62702,Asian Female,0,0,0,0,0,0,0,0
62703,Black Male,1,0,0,0,0,0,0,1
62703,Black Female,0,0,0,0,0,0,0,0
62703,White Male,0,0,0,0,0,0,0,0
62703,White Female,0,0,0,0,0,0,0,0
62703,Hispanic Male,0,0,0,0,1,0,0,1
62703,Hispanic Female,0,0,0,0,0,0,0,0
62703,Asian Male,0,0,0,0,0,0,0,0
62703,Asian Female,0,0,0,0,0,0,0,0
62801,Black Male,1,0,0,0,1,0,0,2
62801,Black Female,0,0,0,0,0,0,0,0
62801,White Male,0,0,0,0,0,0,0,0
62801,White Female,0,0,0,0,0,0,0,0
62801,Hispanic Male,0,0,0,0,0,0,0,0
62801,Hispanic Female,0,0,0,0,0,0,0,0
62801,Asian Male,0,0,0,0,0,0,0,0
62801,Asian Female,0,0,0,0,0,0,0,0
62803,Black Male,1,0,0,0,0,0,0,1
62803,Black Female,0,0,0,0,0,0,0,0
62803,White Male,0,0,0,0,0,0,0,0
62803,White Female,0,0,0,0,0,0,0,0
62803,Hispanic Male,0,0,0,0,0,0,0,0
62803,Hispanic Female,0,0,0,0,0,0,0,0
62803,Asian Male,0,0,0,0,0,0,0,0
62803,Asian Female,0,0,0,0,0,0,0,0
62901,Black Male,0,1,0,0,0,0,0,1
62901,Black Female,0,0,0,0,0,0,0,0
62901,White Male,0,0,0,0,0,0,0,0
62901,White Female,0,0,0,0,0,0,0,0
62901,Hispanic Male,0,0,0,0,0,0,0,0
62901,Hispanic Female,0,0,0,0,0,0,0,0
62901,Asian Male,0,0,0,0,0,0,0,0
62901,Asian Female,0,0,0,0,0,0,0,0
62903,Black Male,1,0,0,0,0,0,0,1
62903,Black Female,0,0,0,0,0,0,0,0
62903,White Male,0,0,0,0,0,0,0,0
62903,White Female,0,0,0,0,0,0,0,0
62903,Hispanic Male,0,0,0,0,0,0,0,0
62903,Hispanic Female,0,0,0,0,0,0,0,0
62903,Asian Male,0,0,0,0,0,0,0,0
62903,Asian Female,0,0,0,0,0,0,0,0
62959,Black Male,0,0,0,0,0,0,0,0
62959,Black Female,0,0,0,0,0,0,0,0
62959,White Male,0,0,0,0,1,0,0,1
62959,White Female,0,0,0,0,0,0,0,0
62959,Hispanic Male,0,0,0,0,0,0,0,0
62959,Hispanic Female,0,0,0,0,0,0,0,0
62959,Asian Male,0,0,0,0,0,0,0,0
62959,Asian Female,0,0,0,0,0,0,0,0
62995,Black Male,0,0,0,0,0,3,0,3
62995,Black Female,0,0,0,0,0,0,0,0
62995,White Male,0,0,0,0,0,0,0,0
62995,White Female,0,0,0,0,0,0,0,0
62995,Hispanic Male,0,0,0,0,0,0,0,0
62995,Hispanic Female,0,0,0,0,0,0,0,0
62995,Asian Male,0,0,0,0,0,0,0,0
62995,Asian Female,0,0,0,0,0,0,0,0
73102,Black Male,0,0,0,0,1,0,0,1
73102,Black Female,0,0,0,0,0,0,0,0
73102,White Male,0,0,0,0,0,0,0,0
73102,White Female,0,0,0,0,0,0,0,0
73102,Hispanic Male,0,0,0,0,0,0,0,0
73102,Hispanic Female,0,0,0,0,0,0,0,0
73102,Asian Male,0,0,0,0,0,0,0,0
73102,Asian Female,0,0,0,0,0,0,0,0
74010,Black Male,0,0,0,0,0,0,1,1
74010,Black Female,0,0,0,0,0,0,0,0
74010,White Male,0,0,0,0,0,0,0,0
74010,White Female,0,,0,0,0,0,0,0
74010,Hispanic Male,0,0,0,0,0,0,0,0
74010,Hispanic Female,0,0,0,0,0,0,0,0
74010,Asian Male,0,0,0,0,0,0,0,0
74010,Asian Female,0,0,0,0,0,0,0,0
78205,Black Male,0,0,0,0,0,0,0,0
78205,Black Female,0,0,0,0,0,0,0,0
78205,White Male,0,0,0,0,0,0,0,0
78205,White Female,0,0,0,0,0,0,0,0
78205,Hispanic Male,0,0,0,0,0,0,1,1
78205,Hispanic Female,0,0,0,0,0,0,0,0
78205,Asian Male,0,0,0,0,0,0,0,0
78205,Asian Female,0,0,0,0,0,0,0,0
