cb no,race,sex,age,statute,statute description,arrest date,arrest time,arrest beat,statute tag
19041355,black,M,19,720 ILCS 550.0/4-B,CANNABIS - POSSESS 2.5-10 GRMS,10-Jan-15,4,,Possess 2.5g-10g
19041547,black,M,19,720 ILCS 550.0/4-A,CANNABIS - POSSESS LESS THAN 2.5 GRMS,10-Jan-15,1319,334,Possess <2.5g
19041545,black,M,19,720 ILCS 550.0/4-A,CANNABIS - POSSESS LESS THAN 2.5 GRMS,10-Jan-15,1330,624,Possess <2.5g
19041647,black,M,19,720 ILCS 550.0/4-A,CANNABIS - POSSESS LESS THAN 2.5 GRMS,10-Jan-15,1745,832,Possess <2.5g
19041807,black,M,18,720 ILCS 550.0/4-B,CANNABIS - POSSESS 2.5-10 GRMS,10-Jan-15,2220,421,Possess 2.5g-10g
19042029,black,M,19,720 ILCS 550.0/4-B,CANNABIS - POSSESS 2.5-10 GRMS,11-Jan-15,1055,621,Possess 2.5g-10g
19042108,white hispanic,M,19,720 ILCS 550.0/4-A,CANNABIS - POSSESS LESS THAN 2.5 GRMS,11-Jan-15,1210,924,Possess <2.5g
19042287,black,M,19,720 ILCS 550.0/4-B,CANNABIS - POSSESS 2.5-10 GRMS,11-Jan-15,2117,733,Possess 2.5g-10g
19042703,black,M,19,720 ILCS 550.0/4-B,CANNABIS - POSSESS 2.5-10 GRMS,12-Jan-15,1855,1132,Possess 2.5g-10g
19042818,black,M,19,720 ILCS 550.0/4-A,CANNABIS - POSSESS LESS THAN 2.5 GRMS,12-Jan-15,2215,1531,Possess <2.5g
19043151,black,M,19,720 ILCS 550.0/4-B,CANNABIS - POSSESS 2.5-10 GRMS,13-Jan-15,1515,412,Possess 2.5g-10g
19043447,white hispanic,M,18,720 ILCS 550.0/4-B,CANNABIS - POSSESS 2.5-10 GRMS,14-Jan-15,5,2432,Possess 2.5g-10g
19043609,white hispanic,M,18,720 ILCS 550.0/4-B,CANNABIS - POSSESS 2.5-10 GRMS,14-Jan-15,1055,2011,Possess 2.5g-10g
19043900,black,M,18,720 ILCS 550.0/4-B,CANNABIS - POSSESS 2.5-10 GRMS,14-Jan-15,1919,1132,Possess 2.5g-10g
19044042,white,M,18,720 ILCS 550.0/4-A,CANNABIS - POSSESS LESS THAN 2.5 GRMS,14-Jan-15,2224,2515,Possess <2.5g
19044070,black,M,19,720 ILCS 550.0/4-B,CANNABIS - POSSESS 2.5-10 GRMS,14-Jan-15,2331,321,Possess 2.5g-10g
19044499,black,M,18,720 ILCS 550.0/4-A,CANNABIS - POSSESS LESS THAN 2.5 GRMS,15-Jan-15,1255,331,Possess <2.5g
19044652,black,M,19,720 ILCS 550.0/4-B,CANNABIS - POSSESS 2.5-10 GRMS,15-Jan-15,2148,231,Possess 2.5g-10g
19044751,white hispanic,M,19,720 ILCS 550.0/4-A,CANNABIS - POSSESS LESS THAN 2.5 GRMS,15-Jan-15,2320,2535,Possess <2.5g
19044776,black,M,19,720 ILCS 550.0/4-A,CANNABIS - POSSESS LESS THAN 2.5 GRMS,16-Jan-15,5,724,Possess <2.5g
19044872,white hispanic,M,18,720 ILCS 550.0/4-B,CANNABIS - POSSESS 2.5-10 GRMS,16-Jan-15,915,1215,Possess 2.5g-10g
19045302,black,M,19,720 ILCS 550.0/4-B,CANNABIS - POSSESS 2.5-10 GRMS,16-Jan-15,2250,1533,Possess 2.5g-10g
19045379,black,M,19,720 ILCS 550.0/4-B,CANNABIS - POSSESS 2.5-10 GRMS,17-Jan-15,40,1531,Possess 2.5g-10g
19045678,black,M,18,720 ILCS 550.0/4-B,CANNABIS - POSSESS 2.5-10 GRMS,17-Jan-15,1500,1522,Possess 2.5g-10g
19045893,black,M,18,720 ILCS 550.0/4-A,CANNABIS - POSSESS LESS THAN 2.5 GRMS,17-Jan-15,2014,725,Possess <2.5g
19046376,white hispanic,M,19,720 ILCS 550.0/4-A,CANNABIS - POSSESS LESS THAN 2.5 GRMS,18-Jan-15,1607,432,Possess <2.5g
19046470,white,M,19,720 ILCS 550.0/4-A,CANNABIS - POSSESS LESS THAN 2.5 GRMS,18-Jan-15,1935,1711,Possess <2.5g
19046830,black,M,19,720 ILCS 550.0/4-A,CANNABIS - POSSESS LESS THAN 2.5 GRMS,19-Jan-15,1215,532,Possess <2.5g
19047140,black,M,18,720 ILCS 550.0/4-B,CANNABIS - POSSESS 2.5-10 GRMS,19-Jan-15,2130,823,Possess 2.5g-10g
19048471,black,M,18,720 ILCS 550.0/4-B,CANNABIS - POSSESS 2.5-10 GRMS,21-Jan-15,2010,1021,Possess 2.5g-10g
19048618,white hispanic,M,18,720 ILCS 550.0/4-A,CANNABIS - POSSESS LESS THAN 2.5 GRMS,21-Jan-15,2151,1731,Possess <2.5g
19048799,black,M,18,720 ILCS 550.0/4-B,CANNABIS - POSSESS 2.5-10 GRMS,22-Jan-15,1052,1134,Possess 2.5g-10g
19049247,white hispanic,M,19,720 ILCS 550.0/4-A,CANNABIS - POSSESS LESS THAN 2.5 GRMS,22-Jan-15,2256,923,Possess <2.5g
19049730,black,M,18,720 ILCS 550.0/4-B,CANNABIS - POSSESS 2.5-10 GRMS,23-Jan-15,1920,1523,Possess 2.5g-10g
19050199,black,M,18,720 ILCS 550.0/4-B,CANNABIS - POSSESS 2.5-10 GRMS,24-Jan-15,1056,632,Possess 2.5g-10g
19050469,white hispanic,M,18,720 ILCS 550.0/4-B,CANNABIS - POSSESS 2.5-10 GRMS,24-Jan-15,2020,1421,Possess 2.5g-10g
19050901,black,M,19,720 ILCS 550.0/4-A,CANNABIS - POSSESS LESS THAN 2.5 GRMS,25-Jan-15,1315,712,Possess <2.5g
19051273,black,M,18,720 ILCS 550.0/4-B,CANNABIS - POSSESS 2.5-10 GRMS,26-Jan-15,950,1122,Possess 2.5g-10g
19051689,white hispanic,M,18,720 ILCS 550.0/4-A,CANNABIS - POSSESS LESS THAN 2.5 GRMS,26-Jan-15,2040,921,Possess <2.5g
19051680,black,M,19,720 ILCS 550.0/4-B,CANNABIS - POSSESS 2.5-10 GRMS,26-Jan-15,2045,1533,Possess 2.5g-10g
19052048,white hispanic,M,18,720 ILCS 550.0/4-A,CANNABIS - POSSESS LESS THAN 2.5 GRMS,27-Jan-15,1350,1622,Possess <2.5g
19052647,black,M,18,720 ILCS 550.0/4-A,CANNABIS - POSSESS LESS THAN 2.5 GRMS,28-Jan-15,950,2233,Possess <2.5g
19052664,black,M,18,720 ILCS 550.0/4-B,CANNABIS - POSSESS 2.5-10 GRMS,28-Jan-15,1155,734,Possess 2.5g-10g
19052673,asian/pac islander,M,18,720 ILCS 550.0/4-A,CANNABIS - POSSESS LESS THAN 2.5 GRMS,28-Jan-15,1220,2413,Possess <2.5g
19052984,black,M,18,720 ILCS 550.0/4-B,CANNABIS - POSSESS 2.5-10 GRMS,28-Jan-15,2045,2532,Possess 2.5g-10g
19053000,white hispanic,M,18,720 ILCS 550.0/4-A,CANNABIS - POSSESS LESS THAN 2.5 GRMS,28-Jan-15,2146,1234,Possess <2.5g
19053340,white,M,19,720 ILCS 550.0/4-B,CANNABIS - POSSESS 2.5-10 GRMS,29-Jan-15,1155,2222,Possess 2.5g-10g
19053326,white hispanic,M,18,720 ILCS 550.0/4-B,CANNABIS - POSSESS 2.5-10 GRMS,29-Jan-15,1240,1731,Possess 2.5g-10g
19053884,black,M,19,720 ILCS 550.0/4-A,CANNABIS - POSSESS LESS THAN 2.5 GRMS,30-Jan-15,933,1624,Possess <2.5g
19053874,black,M,19,720 ILCS 550.0/4-B,CANNABIS - POSSESS 2.5-10 GRMS,30-Jan-15,1015,1533,Possess 2.5g-10g
19054171,white hispanic,M,18,720 ILCS 550.0/4-B,CANNABIS - POSSESS 2.5-10 GRMS,30-Jan-15,1940,822,Possess 2.5g-10g
19054208,white hispanic,M,18,720 ILCS 550.0/4-B,CANNABIS - POSSESS 2.5-10 GRMS,30-Jan-15,2015,921,Possess 2.5g-10g
19054377,asian/pac islander,M,19,720 ILCS 550.0/4-B,CANNABIS - POSSESS 2.5-10 GRMS,30-Jan-15,2355,1811,Possess 2.5g-10g
19054817,white hispanic,M,18,720 ILCS 550.0/4-A,CANNABIS - POSSESS LESS THAN 2.5 GRMS,31-Jan-15,1847,2515,Possess <2.5g
19054897,black,M,19,720 ILCS 550.0/4-B,CANNABIS - POSSESS 2.5-10 GRMS,31-Jan-15,2120,1522,Possess 2.5g-10g
19059766,black,M,19,720 ILCS 550.0/4-B,CANNABIS - POSSESS 2.5-10 GRMS,10-Feb-15,1841,825,Possess 2.5g-10g
19060436,black,M,19,720 ILCS 550.0/4-A,CANNABIS - POSSESS LESS THAN 2.5 GRMS,11-Feb-15,1940,421,Possess <2.5g
19060531,black,M,18,720 ILCS 550.0/4-A,CANNABIS - POSSESS LESS THAN 2.5 GRMS,11-Feb-15,2038,1134,Possess <2.5g
19060525,white hispanic,M,18,720 ILCS 550.0/4-A,CANNABIS - POSSESS LESS THAN 2.5 GRMS,11-Feb-15,2113,1031,Possess <2.5g
19060577,black,M,19,720 ILCS 550.0/4-A,CANNABIS - POSSESS LESS THAN 2.5 GRMS,11-Feb-15,2212,623,Possess <2.5g
19061677,black,M,18,7-24-099-A,POSSESSION OF CANNABIS UP TO 15 GRAMS,13-Feb-15,2106,1134,Possess up to 15g
19062022,black,M,18,720 ILCS 550.0/4-A,CANNABIS - POSSESS LESS THAN 2.5 GRMS,14-Feb-15,1135,1533,Possess <2.5g
19062166,white,M,18,720 ILCS 550.0/4-A,CANNABIS - POSSESS LESS THAN 2.5 GRMS,14-Feb-15,1819,123,Possess <2.5g
19062156,black,M,19,720 ILCS 550.0/4-B,CANNABIS - POSSESS 2.5-10 GRMS,14-Feb-15,1832,421,Possess 2.5g-10g
19062571,black,M,19,720 ILCS 550.0/4-B,CANNABIS - POSSESS 2.5-10 GRMS,15-Feb-15,1402,925,Possess 2.5g-10g
19062660,black,M,18,720 ILCS 550.0/4-B,CANNABIS - POSSESS 2.5-10 GRMS,15-Feb-15,1916,634,Possess 2.5g-10g
19062728,black,M,19,720 ILCS 550.0/4-A,CANNABIS - POSSESS LESS THAN 2.5 GRMS,15-Feb-15,1930,422,Possess <2.5g
19064553,black,M,18,720 ILCS 550.0/4-B,CANNABIS - POSSESS 2.5-10 GRMS,19-Feb-15,1245,1113,Possess 2.5g-10g
19064742,black,M,19,720 ILCS 550.0/4-A,CANNABIS - POSSESS LESS THAN 2.5 GRMS,19-Feb-15,2100,123,Possess <2.5g
19064944,white hispanic,M,18,720 ILCS 550.0/4-B,CANNABIS - POSSESS 2.5-10 GRMS,20-Feb-15,1042,2011,Possess 2.5g-10g
19065231,black,M,18,720 ILCS 550.0/4-A,CANNABIS - POSSESS LESS THAN 2.5 GRMS,20-Feb-15,2054,531,Possess <2.5g
19065639,black,M,19,720 ILCS 550.0/4-A,CANNABIS - POSSESS LESS THAN 2.5 GRMS,21-Feb-15,1440,1012,Possess <2.5g
19065748,black,M,18,720 ILCS 550.0/4-B,CANNABIS - POSSESS 2.5-10 GRMS,21-Feb-15,1730,1011,Possess 2.5g-10g
19066176,black,M,19,720 ILCS 550.0/4-B,CANNABIS - POSSESS 2.5-10 GRMS,22-Feb-15,1230,1122,Possess 2.5g-10g
19066194,white hispanic,M,18,720 ILCS 550.0/4-A,CANNABIS - POSSESS LESS THAN 2.5 GRMS,22-Feb-15,1345,1235,Possess <2.5g
19066624,black,M,19,720 ILCS 550.0/4-B,CANNABIS - POSSESS 2.5-10 GRMS,23-Feb-15,1245,1115,Possess 2.5g-10g
19066691,black,M,19,720 ILCS 550.0/4-A,CANNABIS - POSSESS LESS THAN 2.5 GRMS,23-Feb-15,1520,1121,Possess <2.5g
19067391,black,M,18,720 ILCS 550.0/4-A,CANNABIS - POSSESS LESS THAN 2.5 GRMS,24-Feb-15,2135,1533,Possess <2.5g
19068526,white hispanic,M,18,720 ILCS 550.0/4-A,CANNABIS - POSSESS LESS THAN 2.5 GRMS,26-Feb-15,2301,2515,Possess <2.5g
19068978,black,M,19,720 ILCS 550.0/4-B,CANNABIS - POSSESS 2.5-10 GRMS,27-Feb-15,2000,622,Possess 2.5g-10g
19069082,white hispanic,M,18,720 ILCS 550.0/4-A,CANNABIS - POSSESS LESS THAN 2.5 GRMS,27-Feb-15,2248,822,Possess <2.5g
19069324,black,M,19,720 ILCS 550.0/4-A,CANNABIS - POSSESS LESS THAN 2.5 GRMS,28-Feb-15,910,233,Possess <2.5g
19075258,black,M,19,720 ILCS 550.0/4-A,CANNABIS - POSSESS LESS THAN 2.5 GRMS,10-Mar-15,952,2531,Possess <2.5g
19075326,black,M,19,720 ILCS 550.0/4-B,CANNABIS - POSSESS 2.5-10 GRMS,10-Mar-15,1154,411,Possess 2.5g-10g
19075413,black,M,19,720 ILCS 550.0/4-B,CANNABIS - POSSESS 2.5-10 GRMS,10-Mar-15,1430,713,Possess 2.5g-10g
19075556,black,M,18,720 ILCS 550.0/4-A,CANNABIS - POSSESS LESS THAN 2.5 GRMS,10-Mar-15,1905,1522,Possess <2.5g
19075831,white hispanic,M,18,720 ILCS 550.0/4-B,CANNABIS - POSSESS 2.5-10 GRMS,11-Mar-15,20,1033,Possess 2.5g-10g
19076018,white hispanic,M,18,720 ILCS 550.0/4-B,CANNABIS - POSSESS 2.5-10 GRMS,11-Mar-15,1205,932,Possess 2.5g-10g
19076159,white,M,19,720 ILCS 550.0/4-A,CANNABIS - POSSESS LESS THAN 2.5 GRMS,11-Mar-15,1615,2432,Possess <2.5g
19076283,black,M,18,720 ILCS 550.0/4-A,CANNABIS - POSSESS LESS THAN 2.5 GRMS,11-Mar-15,2000,323,Possess <2.5g
19076483,black,M,18,720 ILCS 550.0/4-B,CANNABIS - POSSESS 2.5-10 GRMS,12-Mar-15,16,2413,Possess 2.5g-10g
19076505,white,M,18,720 ILCS 550.0/4-B,CANNABIS - POSSESS 2.5-10 GRMS,12-Mar-15,105,1811,Possess 2.5g-10g
19077309,white hispanic,M,18,720 ILCS 550.0/4-A,CANNABIS - POSSESS LESS THAN 2.5 GRMS,13-Mar-15,1018,1133,Possess <2.5g
19077559,black,M,19,720 ILCS 550.0/4-B,CANNABIS - POSSESS 2.5-10 GRMS,13-Mar-15,1722,2234,Possess 2.5g-10g
19077661,black,M,19,720 ILCS 550.0/4-B,CANNABIS - POSSESS 2.5-10 GRMS,13-Mar-15,2050,2532,Possess 2.5g-10g
19078403,black,M,19,720 ILCS 550.0/4-A,CANNABIS - POSSESS LESS THAN 2.5 GRMS,14-Mar-15,2055,2531,Possess <2.5g
19078437,black,M,18,720 ILCS 550.0/4-B,CANNABIS - POSSESS 2.5-10 GRMS,14-Mar-15,2204,2422,Possess 2.5g-10g
19078975,white hispanic,M,19,720 ILCS 550.0/4-A,CANNABIS - POSSESS LESS THAN 2.5 GRMS,15-Mar-15,1905,432,Possess <2.5g
19078987,black,M,18,720 ILCS 550.0/4-A,CANNABIS - POSSESS LESS THAN 2.5 GRMS,15-Mar-15,2005,1532,Possess <2.5g
19079057,black,M,19,720 ILCS 550.0/4-B,CANNABIS - POSSESS 2.5-10 GRMS,15-Mar-15,2210,1522,Possess 2.5g-10g
19079669,black,M,18,720 ILCS 550.0/4-B,CANNABIS - POSSESS 2.5-10 GRMS,16-Mar-15,2124,1133,Possess 2.5g-10g
19079723,white hispanic,M,19,720 ILCS 550.0/4-B,CANNABIS - POSSESS 2.5-10 GRMS,16-Mar-15,2234,923,Possess 2.5g-10g
19079925,black,M,18,720 ILCS 550.0/4-A,CANNABIS - POSSESS LESS THAN 2.5 GRMS,17-Mar-15,1055,2534,Possess <2.5g
19079992,black,M,19,720 ILCS 550.0/4-B,CANNABIS - POSSESS 2.5-10 GRMS,17-Mar-15,1340,621,Possess 2.5g-10g
19080119,black,M,18,720 ILCS 550.0/4-B,CANNABIS - POSSESS 2.5-10 GRMS,17-Mar-15,1652,431,Possess 2.5g-10g
19080289,white hispanic,M,19,720 ILCS 550.0/4-A,CANNABIS - POSSESS LESS THAN 2.5 GRMS,17-Mar-15,2120,1713,Possess <2.5g
19080296,white hispanic,M,19,720 ILCS 550.0/4-A,CANNABIS - POSSESS LESS THAN 2.5 GRMS,17-Mar-15,2120,1713,Possess <2.5g
19080390,white hispanic,M,19,720 ILCS 550.0/4-B,CANNABIS - POSSESS 2.5-10 GRMS,17-Mar-15,2330,932,Possess 2.5g-10g
19080422,black,M,18,720 ILCS 550.0/4-A,CANNABIS - POSSESS LESS THAN 2.5 GRMS,17-Mar-15,2340,423,Possess <2.5g
19080612,black,M,18,720 ILCS 550.0/4-A,CANNABIS - POSSESS LESS THAN 2.5 GRMS,18-Mar-15,1100,633,Possess <2.5g
19080735,white hispanic,M,18,720 ILCS 550.0/4-A,CANNABIS - POSSESS LESS THAN 2.5 GRMS,18-Mar-15,1445,1633,Possess <2.5g
19081348,black,M,18,720 ILCS 550.0/4-B,CANNABIS - POSSESS 2.5-10 GRMS,19-Mar-15,1127,1133,Possess 2.5g-10g
19081572,black,M,18,720 ILCS 550.0/4-A,CANNABIS - POSSESS LESS THAN 2.5 GRMS,19-Mar-15,1930,832,Possess <2.5g
19081581,black,M,18,720 ILCS 550.0/4-B,CANNABIS - POSSESS 2.5-10 GRMS,19-Mar-15,1947,1121,Possess 2.5g-10g
19081778,white hispanic,M,18,720 ILCS 550.0/4-B,CANNABIS - POSSESS 2.5-10 GRMS,20-Mar-15,50,2515,Possess 2.5g-10g
19081888,black,M,18,720 ILCS 550.0/4-B,CANNABIS - POSSESS 2.5-10 GRMS,20-Mar-15,1015,1122,Possess 2.5g-10g
19082315,black,M,19,720 ILCS 550.0/4-B,CANNABIS - POSSESS 2.5-10 GRMS,20-Mar-15,1858,1122,Possess 2.5g-10g
19082411,black,M,19,720 ILCS 550.0/4-A,CANNABIS - POSSESS LESS THAN 2.5 GRMS,21-Mar-15,108,1024,Possess <2.5g
19082534,black,M,18,720 ILCS 550.0/4-A,CANNABIS - POSSESS LESS THAN 2.5 GRMS,21-Mar-15,312,1533,Possess <2.5g
19082645,black,M,19,720 ILCS 550.0/4-B,CANNABIS - POSSESS 2.5-10 GRMS,21-Mar-15,1108,421,Possess 2.5g-10g
19082801,black,M,19,720 ILCS 550.0/4-A,CANNABIS - POSSESS LESS THAN 2.5 GRMS,21-Mar-15,1823,1133,Possess <2.5g
19083201,black,M,18,720 ILCS 550.0/4-B,CANNABIS - POSSESS 2.5-10 GRMS,22-Mar-15,1050,1133,Possess 2.5g-10g
19083214,black,M,18,720 ILCS 550.0/4-B,CANNABIS - POSSESS 2.5-10 GRMS,22-Mar-15,1130,2223,Possess 2.5g-10g
19083250,black,M,19,720 ILCS 550.0/4-B,CANNABIS - POSSESS 2.5-10 GRMS,22-Mar-15,1328,531,Possess 2.5g-10g
19083510,black,M,19,720 ILCS 550.0/4-B,CANNABIS - POSSESS 2.5-10 GRMS,22-Mar-15,2050,434,Possess 2.5g-10g
19083740,white hispanic,M,19,720 ILCS 550.0/4-A,CANNABIS - POSSESS LESS THAN 2.5 GRMS,23-Mar-15,1100,1633,Possess <2.5g
19083751,asian/pac islander,M,18,720 ILCS 550.0/4-A,CANNABIS - POSSESS LESS THAN 2.5 GRMS,23-Mar-15,1130,921,Possess <2.5g
19083785,white,M,19,720 ILCS 550.0/4-A,CANNABIS - POSSESS LESS THAN 2.5 GRMS,23-Mar-15,1308,1624,Possess <2.5g
19083916,white hispanic,M,18,720 ILCS 550.0/4-A,CANNABIS - POSSESS LESS THAN 2.5 GRMS,23-Mar-15,1900,1233,Possess <2.5g
19084410,black,M,19,720 ILCS 550.0/4-A,CANNABIS - POSSESS LESS THAN 2.5 GRMS,24-Mar-15,1650,421,Possess <2.5g
19084519,black,M,19,720 ILCS 550.0/4-B,CANNABIS - POSSESS 2.5-10 GRMS,24-Mar-15,1926,1533,Possess 2.5g-10g
19085210,black,M,19,720 ILCS 550.0/4-B,CANNABIS - POSSESS 2.5-10 GRMS,25-Mar-15,2025,1122,Possess 2.5g-10g
19085305,white,M,18,720 ILCS 550.0/4-B,CANNABIS - POSSESS 2.5-10 GRMS,25-Mar-15,2209,2433,Possess 2.5g-10g
19085582,black,M,19,720 ILCS 550.0/4-A,CANNABIS - POSSESS LESS THAN 2.5 GRMS,26-Mar-15,1214,1914,Possess <2.5g
19085783,black,M,19,720 ILCS 550.0/4-B,CANNABIS - POSSESS 2.5-10 GRMS,26-Mar-15,1800,1532,Possess 2.5g-10g
19085823,black,M,19,720 ILCS 550.0/4-B,CANNABIS - POSSESS 2.5-10 GRMS,26-Mar-15,1950,715,Possess 2.5g-10g
19085869,white hispanic,M,18,720 ILCS 550.0/4-B,CANNABIS - POSSESS 2.5-10 GRMS,26-Mar-15,2125,833,Possess 2.5g-10g
19086297,black,M,18,720 ILCS 550.0/4-B,CANNABIS - POSSESS 2.5-10 GRMS,27-Mar-15,1720,1134,Possess 2.5g-10g
19086502,black,M,19,720 ILCS 550.0/4-A,CANNABIS - POSSESS LESS THAN 2.5 GRMS,27-Mar-15,2140,1533,Possess <2.5g
19086630,white hispanic,M,19,720 ILCS 550.0/4-B,CANNABIS - POSSESS 2.5-10 GRMS,27-Mar-15,2328,2413,Possess 2.5g-10g
19086824,black,M,19,720 ILCS 550.0/4-B,CANNABIS - POSSESS 2.5-10 GRMS,28-Mar-15,1230,1115,Possess 2.5g-10g
19087060,black,M,18,720 ILCS 550.0/4-B,CANNABIS - POSSESS 2.5-10 GRMS,28-Mar-15,2047,422,Possess 2.5g-10g
19087419,black,M,18,720 ILCS 550.0/4-A,CANNABIS - POSSESS LESS THAN 2.5 GRMS,29-Mar-15,1300,1132,Possess <2.5g
19087716,black,M,19,720 ILCS 550.0/4-B,CANNABIS - POSSESS 2.5-10 GRMS,29-Mar-15,2246,414,Possess 2.5g-10g
19087794,white hispanic,M,19,720 ILCS 550.0/4-A,CANNABIS - POSSESS LESS THAN 2.5 GRMS,30-Mar-15,159,2525,Possess <2.5g
19094414,black,M,19,720 ILCS 550.0/4-B,CANNABIS - POSSESS 2.5-10 GRMS,10-Apr-15,1040,731,Possess 2.5g-10g
19094558,black,M,19,720 ILCS 550.0/4-B,CANNABIS - POSSESS 2.5-10 GRMS,10-Apr-15,1648,421,Possess 2.5g-10g
19094745,black,M,18,720 ILCS 550.0/4-B,CANNABIS - POSSESS 2.5-10 GRMS,10-Apr-15,2131,1115,Possess 2.5g-10g
19094831,black,M,18,720 ILCS 550.0/4-B,CANNABIS - POSSESS 2.5-10 GRMS,10-Apr-15,2322,823,Possess 2.5g-10g
19095104,black,M,18,720 ILCS 550.0/4-B,CANNABIS - POSSESS 2.5-10 GRMS,11-Apr-15,1450,726,Possess 2.5g-10g
19095205,black,M,19,720 ILCS 550.0/4-A,CANNABIS - POSSESS LESS THAN 2.5 GRMS,11-Apr-15,1850,2222,Possess <2.5g
19095268,black,M,18,720 ILCS 550.0/4-A,CANNABIS - POSSESS LESS THAN 2.5 GRMS,11-Apr-15,2020,1134,Possess <2.5g
19095815,black,M,18,720 ILCS 550.0/4-A,CANNABIS - POSSESS LESS THAN 2.5 GRMS,12-Apr-15,1836,823,Possess <2.5g
19095825,black,M,18,720 ILCS 550.0/4-A,CANNABIS - POSSESS LESS THAN 2.5 GRMS,12-Apr-15,1907,832,Possess <2.5g
19096012,white hispanic,M,18,720 ILCS 550.0/4-A,CANNABIS - POSSESS LESS THAN 2.5 GRMS,12-Apr-15,2305,2512,Possess <2.5g
19096558,white hispanic,M,19,720 ILCS 550.0/4-B,CANNABIS - POSSESS 2.5-10 GRMS,13-Apr-15,2232,922,Possess 2.5g-10g
19097040,black,M,18,720 ILCS 550.0/4-B,CANNABIS - POSSESS 2.5-10 GRMS,14-Apr-15,1845,1132,Possess 2.5g-10g
19097597,black,M,19,720 ILCS 550.0/4-A,CANNABIS - POSSESS LESS THAN 2.5 GRMS,15-Apr-15,1637,1132,Possess <2.5g
19097782,white hispanic,M,19,720 ILCS 550.0/4-B,CANNABIS - POSSESS 2.5-10 GRMS,15-Apr-15,2049,532,Possess 2.5g-10g
19098223,white hispanic,M,18,720 ILCS 550.0/4-A,CANNABIS - POSSESS LESS THAN 2.5 GRMS,16-Apr-15,1628,1623,Possess <2.5g
19098344,black,M,19,720 ILCS 550.0/4-B,CANNABIS - POSSESS 2.5-10 GRMS,16-Apr-15,2008,1133,Possess 2.5g-10g
19098775,black,M,19,720 ILCS 550.0/4-B,CANNABIS - POSSESS 2.5-10 GRMS,17-Apr-15,1420,1511,Possess 2.5g-10g
19099011,black,M,19,720 ILCS 550.0/4-B,CANNABIS - POSSESS 2.5-10 GRMS,17-Apr-15,2025,312,Possess 2.5g-10g
19099072,black,M,18,720 ILCS 550.0/4-B,CANNABIS - POSSESS 2.5-10 GRMS,17-Apr-15,2212,713,Possess 2.5g-10g
19099552,black,M,18,720 ILCS 550.0/4-B,CANNABIS - POSSESS 2.5-10 GRMS,18-Apr-15,1842,1014,Possess 2.5g-10g
19099566,white hispanic,M,19,720 ILCS 550.0/4-B,CANNABIS - POSSESS 2.5-10 GRMS,18-Apr-15,1928,2515,Possess 2.5g-10g
19100017,white,M,19,720 ILCS 550.0/4-A,CANNABIS - POSSESS LESS THAN 2.5 GRMS,19-Apr-15,1200,123,Possess <2.5g
19100094,white hispanic,M,18,720 ILCS 550.0/4-B,CANNABIS - POSSESS 2.5-10 GRMS,19-Apr-15,1557,922,Possess 2.5g-10g
19100161,black,M,18,720 ILCS 550.0/4-B,CANNABIS - POSSESS 2.5-10 GRMS,19-Apr-15,1810,1532,Possess 2.5g-10g
19100574,black,M,18,720 ILCS 550.0/4-A,CANNABIS - POSSESS LESS THAN 2.5 GRMS,20-Apr-15,1301,1211,Possess <2.5g
19100648,black,M,18,720 ILCS 550.0/4-B,CANNABIS - POSSESS 2.5-10 GRMS,20-Apr-15,1555,1522,Possess 2.5g-10g
19101184,black,M,19,720 ILCS 550.0/4-B,CANNABIS - POSSESS 2.5-10 GRMS,21-Apr-15,1305,1122,Possess 2.5g-10g
19101432,black,M,18,720 ILCS 550.0/4-A,CANNABIS - POSSESS LESS THAN 2.5 GRMS,21-Apr-15,1803,322,Possess <2.5g
19101406,white hispanic,M,19,720 ILCS 550.0/4-B,CANNABIS - POSSESS 2.5-10 GRMS,21-Apr-15,1940,823,Possess 2.5g-10g
19101438,black,M,19,720 ILCS 550.0/4-A,CANNABIS - POSSESS LESS THAN 2.5 GRMS,21-Apr-15,2112,1223,Possess <2.5g
19101758,black,M,19,720 ILCS 550.0/4-A,CANNABIS - POSSESS LESS THAN 2.5 GRMS,22-Apr-15,1200,1532,Possess <2.5g
19101777,black,M,19,720 ILCS 550.0/4-B,CANNABIS - POSSESS 2.5-10 GRMS,22-Apr-15,1300,1122,Possess 2.5g-10g
19101800,black,M,18,720 ILCS 550.0/4-B,CANNABIS - POSSESS 2.5-10 GRMS,22-Apr-15,1310,1533,Possess 2.5g-10g
19102196,black,M,19,720 ILCS 550.0/4-A,CANNABIS - POSSESS LESS THAN 2.5 GRMS,22-Apr-15,2345,614,Possess <2.5g
19102628,black,M,19,720 ILCS 550.0/4-B,CANNABIS - POSSESS 2.5-10 GRMS,23-Apr-15,1950,2533,Possess 2.5g-10g
19103028,black,M,19,720 ILCS 550.0/4-B,CANNABIS - POSSESS 2.5-10 GRMS,24-Apr-15,1206,511,Possess 2.5g-10g
19103150,black,M,19,720 ILCS 550.0/4-B,CANNABIS - POSSESS 2.5-10 GRMS,24-Apr-15,1350,631,Possess 2.5g-10g
19103239,black,M,19,720 ILCS 550.0/4-B,CANNABIS - POSSESS 2.5-10 GRMS,24-Apr-15,1914,1133,Possess 2.5g-10g
19103880,white,M,19,720 ILCS 550.0/4-B,CANNABIS - POSSESS 2.5-10 GRMS,25-Apr-15,1950,1811,Possess 2.5g-10g
19104500,black,M,19,720 ILCS 550.0/4-B,CANNABIS - POSSESS 2.5-10 GRMS,26-Apr-15,1737,735,Possess 2.5g-10g
19104472,black,M,19,720 ILCS 550.0/4-B,CANNABIS - POSSESS 2.5-10 GRMS,26-Apr-15,2046,1532,Possess 2.5g-10g
19105085,white,M,18,720 ILCS 550.0/4-B,CANNABIS - POSSESS 2.5-10 GRMS,27-Apr-15,2131,1722,Possess 2.5g-10g
19105093,white hispanic,M,18,720 ILCS 550.0/4-B,CANNABIS - POSSESS 2.5-10 GRMS,27-Apr-15,2131,1722,Possess 2.5g-10g
19105336,black,M,18,720 ILCS 550.0/4-B,CANNABIS - POSSESS 2.5-10 GRMS,28-Apr-15,1333,2413,Possess 2.5g-10g
19105338,black,M,18,720 ILCS 550.0/4-A,CANNABIS - POSSESS LESS THAN 2.5 GRMS,28-Apr-15,1403,1225,Possess <2.5g
19106074,black,M,19,720 ILCS 550.0/4-A,CANNABIS - POSSESS LESS THAN 2.5 GRMS,29-Apr-15,1639,423,Possess <2.5g
19106326,white hispanic,M,19,720 ILCS 550.0/4-B,CANNABIS - POSSESS 2.5-10 GRMS,29-Apr-15,2335,631,Possess 2.5g-10g
19106518,black,M,18,720 ILCS 550.0/4-A,CANNABIS - POSSESS LESS THAN 2.5 GRMS,30-Apr-15,1150,1122,Possess <2.5g
19106676,black,M,18,720 ILCS 550.0/4-B,CANNABIS - POSSESS 2.5-10 GRMS,30-Apr-15,1747,835,Possess 2.5g-10g
19106817,white hispanic,M,19,720 ILCS 550.0/4-B,CANNABIS - POSSESS 2.5-10 GRMS,30-Apr-15,2238,822,Possess 2.5g-10g
19112488,white hispanic,M,18,720 ILCS 550.0/4-A,CANNABIS - POSSESS LESS THAN 2.5 GRMS,10-May-15,2000,1412,Possess <2.5g
19112835,white,M,19,720 ILCS 550.0/4-B,CANNABIS - POSSESS 2.5-10 GRMS,11-May-15,1257,831,Possess 2.5g-10g
19112979,black,M,19,720 ILCS 550.0/4-A,CANNABIS - POSSESS LESS THAN 2.5 GRMS,11-May-15,1704,934,Possess <2.5g
19113064,black,M,19,720 ILCS 550.0/4-B,CANNABIS - POSSESS 2.5-10 GRMS,11-May-15,1955,2212,Possess 2.5g-10g
19113628,black,M,19,720 ILCS 550.0/4-B,CANNABIS - POSSESS 2.5-10 GRMS,12-May-15,1855,1012,Possess 2.5g-10g
19113630,black,M,18,720 ILCS 550.0/4-B,CANNABIS - POSSESS 2.5-10 GRMS,12-May-15,1858,1011,Possess 2.5g-10g
19113835,white hispanic,M,19,720 ILCS 550.0/4-A,CANNABIS - POSSESS LESS THAN 2.5 GRMS,12-May-15,2359,821,Possess <2.5g
19113861,black,M,19,720 ILCS 550.0/4-B,CANNABIS - POSSESS 2.5-10 GRMS,13-May-15,123,1113,Possess 2.5g-10g
19114279,black,M,18,720 ILCS 550.0/4-A,CANNABIS - POSSESS LESS THAN 2.5 GRMS,13-May-15,1915,1522,Possess <2.5g
19114523,white hispanic,M,19,720 ILCS 550.0/4-B,CANNABIS - POSSESS 2.5-10 GRMS,14-May-15,128,432,Possess 2.5g-10g
19114623,white hispanic,M,18,720 ILCS 550.0/4-B,CANNABIS - POSSESS 2.5-10 GRMS,14-May-15,940,433,Possess 2.5g-10g
19114955,black,M,19,720 ILCS 550.0/4-B,CANNABIS - POSSESS 2.5-10 GRMS,14-May-15,2005,1533,Possess 2.5g-10g
19115267,white hispanic,M,19,720 ILCS 550.0/4-B,CANNABIS - POSSESS 2.5-10 GRMS,15-May-15,1329,933,Possess 2.5g-10g
19115977,black,M,18,720 ILCS 550.0/4-B,CANNABIS - POSSESS 2.5-10 GRMS,16-May-15,1350,1824,Possess 2.5g-10g
19116027,black,M,19,720 ILCS 550.0/4-B,CANNABIS - POSSESS 2.5-10 GRMS,16-May-15,1530,1533,Possess 2.5g-10g
19116690,black,M,19,720 ILCS 550.0/4-A,CANNABIS - POSSESS LESS THAN 2.5 GRMS,17-May-15,1835,732,Possess <2.5g
19116736,black,M,18,720 ILCS 550.0/4-B,CANNABIS - POSSESS 2.5-10 GRMS,17-May-15,1936,1511,Possess 2.5g-10g
19117072,black,M,18,720 ILCS 550.0/4-B,CANNABIS - POSSESS 2.5-10 GRMS,18-May-15,1018,713,Possess 2.5g-10g
19117208,white hispanic,M,18,720 ILCS 550.0/4-A,CANNABIS - POSSESS LESS THAN 2.5 GRMS,18-May-15,1533,1024,Possess <2.5g
19117617,black,M,18,720 ILCS 550.0/4-B,CANNABIS - POSSESS 2.5-10 GRMS,19-May-15,1020,1011,Possess 2.5g-10g
19118262,black,M,19,720 ILCS 550.0/4-B,CANNABIS - POSSESS 2.5-10 GRMS,20-May-15,1045,1533,Possess 2.5g-10g
19118330,black,M,19,720 ILCS 550.0/4-A,CANNABIS - POSSESS LESS THAN 2.5 GRMS,20-May-15,1320,725,Possess <2.5g
19118496,white hispanic,M,19,720 ILCS 550.0/4-A,CANNABIS - POSSESS LESS THAN 2.5 GRMS,20-May-15,1850,1234,Possess <2.5g
19118683,black,M,18,720 ILCS 550.0/4-B,CANNABIS - POSSESS 2.5-10 GRMS,20-May-15,2320,532,Possess 2.5g-10g
19118747,black,M,19,720 ILCS 550.0/4-A,CANNABIS - POSSESS LESS THAN 2.5 GRMS,21-May-15,130,1532,Possess <2.5g
19119642,black,M,19,720 ILCS 550.0/4-A,CANNABIS - POSSESS LESS THAN 2.5 GRMS,22-May-15,1435,734,Possess <2.5g
19119948,white,M,19,720 ILCS 550.0/4-B,CANNABIS - POSSESS 2.5-10 GRMS,22-May-15,2245,1834,Possess 2.5g-10g
19120808,black,M,19,720 ILCS 550.0/4-A,CANNABIS - POSSESS LESS THAN 2.5 GRMS,24-May-15,1142,1133,Possess <2.5g
19120967,black,M,19,720 ILCS 550.0/4-A,CANNABIS - POSSESS LESS THAN 2.5 GRMS,24-May-15,1915,1113,Possess <2.5g
19120969,black,M,18,720 ILCS 550.0/4-B,CANNABIS - POSSESS 2.5-10 GRMS,24-May-15,1930,1115,Possess 2.5g-10g
19121319,black,M,18,720 ILCS 550.0/4-B,CANNABIS - POSSESS 2.5-10 GRMS,25-May-15,1135,1134,Possess 2.5g-10g
19121498,black,M,19,720 ILCS 550.0/4-A,CANNABIS - POSSESS LESS THAN 2.5 GRMS,25-May-15,1818,1133,Possess <2.5g
19122055,white hispanic,M,18,720 ILCS 550.0/4-B,CANNABIS - POSSESS 2.5-10 GRMS,26-May-15,1535,1211,Possess 2.5g-10g
19122560,black,M,18,720 ILCS 550.0/4-B,CANNABIS - POSSESS 2.5-10 GRMS,27-May-15,937,1134,Possess 2.5g-10g
19122650,black,M,18,720 ILCS 550.0/4-B,CANNABIS - POSSESS 2.5-10 GRMS,27-May-15,1039,711,Possess 2.5g-10g
19122629,black,M,19,720 ILCS 550.0/4-A,CANNABIS - POSSESS LESS THAN 2.5 GRMS,27-May-15,1145,2422,Possess <2.5g
19122851,black,M,19,720 ILCS 550.0/4-B,CANNABIS - POSSESS 2.5-10 GRMS,27-May-15,1847,711,Possess 2.5g-10g
19122853,black,M,18,720 ILCS 550.0/4-B,CANNABIS - POSSESS 2.5-10 GRMS,27-May-15,1847,711,Possess 2.5g-10g
19122885,black,M,19,720 ILCS 550.0/4-B,CANNABIS - POSSESS 2.5-10 GRMS,27-May-15,2010,1533,Possess 2.5g-10g
19123451,black,M,18,720 ILCS 550.0/4-A,CANNABIS - POSSESS LESS THAN 2.5 GRMS,28-May-15,1756,1233,Possess <2.5g
19123531,white hispanic,M,19,720 ILCS 550.0/4-A,CANNABIS - POSSESS LESS THAN 2.5 GRMS,28-May-15,1915,815,Possess <2.5g
19123670,black,M,18,720 ILCS 550.0/4-B,CANNABIS - POSSESS 2.5-10 GRMS,28-May-15,2311,1533,Possess 2.5g-10g
19123969,black,M,19,720 ILCS 550.0/4-B,CANNABIS - POSSESS 2.5-10 GRMS,29-May-15,1420,1122,Possess 2.5g-10g
19123977,black,M,19,720 ILCS 550.0/4-B,CANNABIS - POSSESS 2.5-10 GRMS,29-May-15,1430,1511,Possess 2.5g-10g
19124317,black,M,19,720 ILCS 550.0/4-A,CANNABIS - POSSESS LESS THAN 2.5 GRMS,29-May-15,2350,111,Possess <2.5g
19124526,black,M,19,720 ILCS 550.0/4-B,CANNABIS - POSSESS 2.5-10 GRMS,30-May-15,1240,723,Possess 2.5g-10g
19124770,white hispanic,M,18,720 ILCS 550.0/4-A,CANNABIS - POSSESS LESS THAN 2.5 GRMS,30-May-15,2240,2521,Possess <2.5g
19124935,white hispanic,M,18,720 ILCS 550.0/4-A,CANNABIS - POSSESS LESS THAN 2.5 GRMS,31-May-15,1158,1433,Possess <2.5g
19130967,black,M,19,720 ILCS 550.0/4-B,CANNABIS - POSSESS 2.5-10 GRMS,10-Jun-15,1215,1522,Possess 2.5g-10g
19130980,white hispanic,M,19,720 ILCS 550.0/4-A,CANNABIS - POSSESS LESS THAN 2.5 GRMS,10-Jun-15,1235,1235,Possess <2.5g
19131107,black,M,18,720 ILCS 550.0/4-B,CANNABIS - POSSESS 2.5-10 GRMS,10-Jun-15,1533,1523,Possess 2.5g-10g
19131112,black,M,18,720 ILCS 550.0/4-A,CANNABIS - POSSESS LESS THAN 2.5 GRMS,10-Jun-15,1644,1533,Possess <2.5g
19131139,black,M,19,720 ILCS 550.0/4-B,CANNABIS - POSSESS 2.5-10 GRMS,10-Jun-15,1650,713,Possess 2.5g-10g
19131535,black,M,18,720 ILCS 550.0/4-B,CANNABIS - POSSESS 2.5-10 GRMS,11-Jun-15,935,1221,Possess 2.5g-10g
19131849,black,M,18,720 ILCS 550.0/4-B,CANNABIS - POSSESS 2.5-10 GRMS,11-Jun-15,1930,1133,Possess 2.5g-10g
19131862,white hispanic,M,19,720 ILCS 550.0/4-B,CANNABIS - POSSESS 2.5-10 GRMS,11-Jun-15,1955,1112,Possess 2.5g-10g
19132133,black,M,18,720 ILCS 550.0/4-A,CANNABIS - POSSESS LESS THAN 2.5 GRMS,12-Jun-15,1030,1532,Possess <2.5g
19132427,white hispanic,M,18,720 ILCS 550.0/4-B,CANNABIS - POSSESS 2.5-10 GRMS,12-Jun-15,2025,924,Possess 2.5g-10g
19132789,black,M,18,720 ILCS 550.0/4-B,CANNABIS - POSSESS 2.5-10 GRMS,13-Jun-15,1015,1524,Possess 2.5g-10g
19132894,black,M,19,720 ILCS 550.0/4-B,CANNABIS - POSSESS 2.5-10 GRMS,13-Jun-15,1445,1533,Possess 2.5g-10g
19132895,black,M,18,720 ILCS 550.0/4-B,CANNABIS - POSSESS 2.5-10 GRMS,13-Jun-15,1445,1533,Possess 2.5g-10g
19132957,white hispanic,M,18,720 ILCS 550.0/4-B,CANNABIS - POSSESS 2.5-10 GRMS,13-Jun-15,1723,1731,Possess 2.5g-10g
19133543,black,M,18,720 ILCS 550.0/4-A,CANNABIS - POSSESS LESS THAN 2.5 GRMS,14-Jun-15,1845,422,Possess <2.5g
19133594,black,M,19,720 ILCS 550.0/4-A,CANNABIS - POSSESS LESS THAN 2.5 GRMS,14-Jun-15,1958,825,Possess <2.5g
19133634,black,M,18,720 ILCS 550.0/4-A,CANNABIS - POSSESS LESS THAN 2.5 GRMS,14-Jun-15,2213,825,Possess <2.5g
19133953,white hispanic,M,19,720 ILCS 550.0/4-B,CANNABIS - POSSESS 2.5-10 GRMS,15-Jun-15,1620,933,Possess 2.5g-10g
19134589,white hispanic,M,19,720 ILCS 550.0/4-A,CANNABIS - POSSESS LESS THAN 2.5 GRMS,16-Jun-15,2125,821,Possess <2.5g
19135252,black hispanic,M,18,720 ILCS 550.0/4-A,CANNABIS - POSSESS LESS THAN 2.5 GRMS,17-Jun-15,2206,1112,Possess <2.5g
19135860,black,M,18,720 ILCS 550.0/4-A,CANNABIS - POSSESS LESS THAN 2.5 GRMS,18-Jun-15,2248,1211,Possess <2.5g
19135842,asian/pac islander,M,18,720 ILCS 550.0/4-A,CANNABIS - POSSESS LESS THAN 2.5 GRMS,18-Jun-15,2340,2011,Possess <2.5g
19135857,white hispanic,M,18,720 ILCS 550.0/4-A,CANNABIS - POSSESS LESS THAN 2.5 GRMS,18-Jun-15,2340,2011,Possess <2.5g
19135864,black,M,18,720 ILCS 550.0/4-B,CANNABIS - POSSESS 2.5-10 GRMS,18-Jun-15,2340,2011,Possess 2.5g-10g
19137363,black hispanic,M,18,720 ILCS 550.0/4-A,CANNABIS - POSSESS LESS THAN 2.5 GRMS,21-Jun-15,1935,1913,Possess <2.5g
19139106,white hispanic,M,18,720 ILCS 550.0/4-B,CANNABIS - POSSESS 2.5-10 GRMS,24-Jun-15,1830,2512,Possess 2.5g-10g
19140180,black,M,18,720 ILCS 550.0/4-A,CANNABIS - POSSESS LESS THAN 2.5 GRMS,26-Jun-15,1010,1012,Possess <2.5g
19140618,white hispanic,M,18,720 ILCS 550.0/4-A,CANNABIS - POSSESS LESS THAN 2.5 GRMS,27-Jun-15,5,432,Possess <2.5g
19141721,white hispanic,M,19,720 ILCS 550.0/4-A,CANNABIS - POSSESS LESS THAN 2.5 GRMS,29-Jun-15,23,923,Possess <2.5g
19141917,black,M,19,720 ILCS 550.0/4-A,CANNABIS - POSSESS LESS THAN 2.5 GRMS,29-Jun-15,1303,934,Possess <2.5g
19142045,black,M,18,720 ILCS 550.0/4-A,CANNABIS - POSSESS LESS THAN 2.5 GRMS,29-Jun-15,1726,731,Possess <2.5g
19142164,black,M,19,720 ILCS 550.0/4-B,CANNABIS - POSSESS 2.5-10 GRMS,29-Jun-15,2009,1134,Possess 2.5g-10g
19142181,black,M,19,720 ILCS 550.0/4-B,CANNABIS - POSSESS 2.5-10 GRMS,29-Jun-15,2010,825,Possess 2.5g-10g
19142305,black,M,18,720 ILCS 550.0/4-B,CANNABIS - POSSESS 2.5-10 GRMS,29-Jun-15,2255,1533,Possess 2.5g-10g
19142527,black,M,19,720 ILCS 550.0/4-B,CANNABIS - POSSESS 2.5-10 GRMS,30-Jun-15,1050,1533,Possess 2.5g-10g
19142592,black,M,18,720 ILCS 550.0/4-A,CANNABIS - POSSESS LESS THAN 2.5 GRMS,30-Jun-15,1245,1021,Possess <2.5g
19143004,white,M,19,720 ILCS 550.0/4-B,CANNABIS - POSSESS 2.5-10 GRMS,30-Jun-15,2356,914,Possess 2.5g-10g
19149437,white hispanic,M,18,720 ILCS 550.0/4-B,CANNABIS - POSSESS 2.5-10 GRMS,11-Jul-15,1350,1633,Possess 2.5g-10g
19150399,black,M,19,720 ILCS 550.0/4-A,CANNABIS - POSSESS LESS THAN 2.5 GRMS,13-Jul-15,52,622,Possess <2.5g
19150714,black,M,18,720 ILCS 550.0/4-B,CANNABIS - POSSESS 2.5-10 GRMS,13-Jul-15,1809,624,Possess 2.5g-10g
19150789,white hispanic,M,18,720 ILCS 550.0/4-A,CANNABIS - POSSESS LESS THAN 2.5 GRMS,13-Jul-15,1925,931,Possess <2.5g
19150833,black,M,18,720 ILCS 550.0/4-A,CANNABIS - POSSESS LESS THAN 2.5 GRMS,13-Jul-15,2055,1532,Possess <2.5g
19151446,white,M,18,720 ILCS 550.0/4-B,CANNABIS - POSSESS 2.5-10 GRMS,14-Jul-15,2126,1722,Possess 2.5g-10g
19151497,black,M,18,720 ILCS 550.0/4-B,CANNABIS - POSSESS 2.5-10 GRMS,14-Jul-15,2250,1533,Possess 2.5g-10g
19152086,white,M,19,720 ILCS 550.0/4-B,CANNABIS - POSSESS 2.5-10 GRMS,15-Jul-15,2045,1623,Possess 2.5g-10g
19152105,black hispanic,M,18,720 ILCS 550.0/4-A,CANNABIS - POSSESS LESS THAN 2.5 GRMS,15-Jul-15,2210,1913,Possess <2.5g
19152784,black,M,18,720 ILCS 550.0/4-B,CANNABIS - POSSESS 2.5-10 GRMS,17-Jul-15,150,1531,Possess 2.5g-10g
19153291,white hispanic,M,19,720 ILCS 550.0/4-B,CANNABIS - POSSESS 2.5-10 GRMS,17-Jul-15,2220,1033,Possess 2.5g-10g
19153659,black,M,18,720 ILCS 550.0/4-A,CANNABIS - POSSESS LESS THAN 2.5 GRMS,18-Jul-15,1249,2212,Possess <2.5g
19153763,white hispanic,M,18,720 ILCS 550.0/4-A,CANNABIS - POSSESS LESS THAN 2.5 GRMS,18-Jul-15,1922,1423,Possess <2.5g
19153766,black,M,18,720 ILCS 550.0/4-A,CANNABIS - POSSESS LESS THAN 2.5 GRMS,18-Jul-15,1930,1123,Possess <2.5g
19154663,white hispanic,M,18,720 ILCS 550.0/4-A,CANNABIS - POSSESS LESS THAN 2.5 GRMS,20-Jul-15,1150,1032,Possess <2.5g
19154883,black,M,19,720 ILCS 550.0/4-B,CANNABIS - POSSESS 2.5-10 GRMS,20-Jul-15,1920,1134,Possess 2.5g-10g
19155040,white hispanic,M,18,720 ILCS 550.0/4-A,CANNABIS - POSSESS LESS THAN 2.5 GRMS,20-Jul-15,2028,823,Possess <2.5g
19155304,black,M,18,720 ILCS 550.0/4-B,CANNABIS - POSSESS 2.5-10 GRMS,21-Jul-15,1340,1522,Possess 2.5g-10g
19156121,black,M,19,720 ILCS 550.0/4-A,CANNABIS - POSSESS LESS THAN 2.5 GRMS,22-Jul-15,1940,1523,Possess <2.5g
19156125,black,M,18,720 ILCS 550.0/4-A,CANNABIS - POSSESS LESS THAN 2.5 GRMS,22-Jul-15,1940,1523,Possess <2.5g
19156115,black,M,18,720 ILCS 550.0/4-A,CANNABIS - POSSESS LESS THAN 2.5 GRMS,22-Jul-15,1945,1222,Possess <2.5g
19158822,white hispanic,M,18,720 ILCS 550.0/4-B,CANNABIS - POSSESS 2.5-10 GRMS,27-Jul-15,1202,2522,Possess 2.5g-10g
19158881,black,M,18,720 ILCS 550.0/4-B,CANNABIS - POSSESS 2.5-10 GRMS,27-Jul-15,1555,1013,Possess 2.5g-10g
19159535,black,M,18,720 ILCS 550.0/4-A,CANNABIS - POSSESS LESS THAN 2.5 GRMS,28-Jul-15,1843,423,Possess <2.5g
19159693,black,M,18,720 ILCS 550.0/4-B,CANNABIS - POSSESS 2.5-10 GRMS,28-Jul-15,2230,1513,Possess 2.5g-10g
19160009,black,M,19,720 ILCS 550.0/4-B,CANNABIS - POSSESS 2.5-10 GRMS,29-Jul-15,1258,423,Possess 2.5g-10g
19160061,black,M,19,720 ILCS 550.0/4-B,CANNABIS - POSSESS 2.5-10 GRMS,29-Jul-15,1505,1134,Possess 2.5g-10g
19160092,black,M,18,720 ILCS 550.0/4-A,CANNABIS - POSSESS LESS THAN 2.5 GRMS,29-Jul-15,1622,2515,Possess <2.5g
19160304,black,M,19,720 ILCS 550.0/4-B,CANNABIS - POSSESS 2.5-10 GRMS,29-Jul-15,2235,1533,Possess 2.5g-10g
19160679,black,M,19,720 ILCS 550.0/4-B,CANNABIS - POSSESS 2.5-10 GRMS,30-Jul-15,1655,725,Possess 2.5g-10g
19160962,white hispanic,M,19,720 ILCS 550.0/4-A,CANNABIS - POSSESS LESS THAN 2.5 GRMS,30-Jul-15,1838,2432,Possess <2.5g
19160857,black,M,18,720 ILCS 550.0/4-A,CANNABIS - POSSESS LESS THAN 2.5 GRMS,30-Jul-15,2130,2532,Possess <2.5g
19166919,black,M,18,720 ILCS 550.0/4-B,CANNABIS - POSSESS 2.5-10 GRMS,10-Aug-15,1125,2233,Possess 2.5g-10g
19167202,white hispanic,M,18,720 ILCS 550.0/4-B,CANNABIS - POSSESS 2.5-10 GRMS,10-Aug-15,2045,822,Possess 2.5g-10g
19167663,white hispanic,M,19,720 ILCS 550.0/4-A,CANNABIS - POSSESS LESS THAN 2.5 GRMS,11-Aug-15,1656,825,Possess <2.5g
19167905,black,M,19,720 ILCS 550.0/4-B,CANNABIS - POSSESS 2.5-10 GRMS,11-Aug-15,2235,1134,Possess 2.5g-10g
19168444,black,M,18,720 ILCS 550.0/4-A,CANNABIS - POSSESS LESS THAN 2.5 GRMS,12-Aug-15,1950,1134,Possess <2.5g
19169403,black,M,18,720 ILCS 550.0/4-B,CANNABIS - POSSESS 2.5-10 GRMS,14-Aug-15,1110,1532,Possess 2.5g-10g
19169501,black,M,19,720 ILCS 550.0/4-A,CANNABIS - POSSESS LESS THAN 2.5 GRMS,14-Aug-15,1515,1522,Possess <2.5g
19169523,black,M,18,720 ILCS 550.0/4-A,CANNABIS - POSSESS LESS THAN 2.5 GRMS,14-Aug-15,1605,1533,Possess <2.5g
19169776,black,M,19,720 ILCS 550.0/4-B,CANNABIS - POSSESS 2.5-10 GRMS,15-Aug-15,45,1511,Possess 2.5g-10g
19170006,black,M,18,720 ILCS 550.0/4-A,CANNABIS - POSSESS LESS THAN 2.5 GRMS,15-Aug-15,1520,712,Possess <2.5g
19170420,black,M,18,720 ILCS 550.0/4-B,CANNABIS - POSSESS 2.5-10 GRMS,16-Aug-15,1018,1112,Possess 2.5g-10g
19170464,black,M,19,720 ILCS 550.0/4-B,CANNABIS - POSSESS 2.5-10 GRMS,16-Aug-15,1215,1522,Possess 2.5g-10g
19170744,black,M,18,720 ILCS 550.0/4-B,CANNABIS - POSSESS 2.5-10 GRMS,16-Aug-15,2200,1134,Possess 2.5g-10g
19170841,black,M,18,720 ILCS 550.0/4-B,CANNABIS - POSSESS 2.5-10 GRMS,17-Aug-15,140,1532,Possess 2.5g-10g
19171186,white hispanic,M,18,720 ILCS 550.0/4-B,CANNABIS - POSSESS 2.5-10 GRMS,17-Aug-15,1929,1732,Possess 2.5g-10g
19171223,black,M,18,720 ILCS 550.0/4-B,CANNABIS - POSSESS 2.5-10 GRMS,17-Aug-15,1930,524,Possess 2.5g-10g
19171211,black,M,19,720 ILCS 550.0/4-B,CANNABIS - POSSESS 2.5-10 GRMS,17-Aug-15,1955,1522,Possess 2.5g-10g
19171609,white hispanic,M,18,720 ILCS 550.0/4-B,CANNABIS - POSSESS 2.5-10 GRMS,18-Aug-15,1730,831,Possess 2.5g-10g
19171663,black,M,18,720 ILCS 550.0/4-A,CANNABIS - POSSESS LESS THAN 2.5 GRMS,18-Aug-15,1845,1522,Possess <2.5g
19173609,black,M,19,720 ILCS 550.0/4-A,CANNABIS - POSSESS LESS THAN 2.5 GRMS,21-Aug-15,1930,2221,Possess <2.5g
19173858,white hispanic,M,19,720 ILCS 550.0/4-B,CANNABIS - POSSESS 2.5-10 GRMS,22-Aug-15,40,922,Possess 2.5g-10g
19174808,white hispanic,M,19,720 ILCS 550.0/4-A,CANNABIS - POSSESS LESS THAN 2.5 GRMS,23-Aug-15,1812,831,Possess <2.5g
19175239,black,M,18,720 ILCS 550.0/4-B,CANNABIS - POSSESS 2.5-10 GRMS,24-Aug-15,1445,1133,Possess 2.5g-10g
19175411,black,M,18,720 ILCS 550.0/4-B,CANNABIS - POSSESS 2.5-10 GRMS,24-Aug-15,1923,1134,Possess 2.5g-10g
19175526,white hispanic,M,19,720 ILCS 550.0/4-A,CANNABIS - POSSESS LESS THAN 2.5 GRMS,24-Aug-15,2237,2535,Possess <2.5g
19176461,black,M,18,720 ILCS 550.0/4-B,CANNABIS - POSSESS 2.5-10 GRMS,26-Aug-15,1105,711,Possess 2.5g-10g
19176513,white,M,18,720 ILCS 550.0/4-B,CANNABIS - POSSESS 2.5-10 GRMS,26-Aug-15,1410,1614,Possess 2.5g-10g
19176823,white hispanic,M,19,720 ILCS 550.0/4-B,CANNABIS - POSSESS 2.5-10 GRMS,26-Aug-15,2228,922,Possess 2.5g-10g
19177131,black,M,19,720 ILCS 550.0/4-B,CANNABIS - POSSESS 2.5-10 GRMS,27-Aug-15,1331,634,Possess 2.5g-10g
19177135,black,M,19,720 ILCS 550.0/4-B,CANNABIS - POSSESS 2.5-10 GRMS,27-Aug-15,1331,634,Possess 2.5g-10g
19177162,black,M,19,720 ILCS 550.0/4-B,CANNABIS - POSSESS 2.5-10 GRMS,27-Aug-15,1430,1531,Possess 2.5g-10g
19177453,white,M,18,720 ILCS 550.0/4-A,CANNABIS - POSSESS LESS THAN 2.5 GRMS,27-Aug-15,2257,1811,Possess <2.5g
19177821,black,M,18,720 ILCS 550.0/4-B,CANNABIS - POSSESS 2.5-10 GRMS,28-Aug-15,1636,1021,Possess 2.5g-10g
19178310,black,M,19,720 ILCS 550.0/4-B,CANNABIS - POSSESS 2.5-10 GRMS,29-Aug-15,1155,225,Possess 2.5g-10g
19178553,black,M,18,720 ILCS 550.0/4-B,CANNABIS - POSSESS 2.5-10 GRMS,29-Aug-15,2139,725,Possess 2.5g-10g
19178673,black,M,19,720 ILCS 550.0/4-B,CANNABIS - POSSESS 2.5-10 GRMS,30-Aug-15,30,1133,Possess 2.5g-10g
19178830,black,M,19,720 ILCS 550.0/4-B,CANNABIS - POSSESS 2.5-10 GRMS,30-Aug-15,1155,715,Possess 2.5g-10g
19178871,black,M,18,720 ILCS 550.0/4-A,CANNABIS - POSSESS LESS THAN 2.5 GRMS,30-Aug-15,1236,711,Possess <2.5g
19178917,white hispanic,M,19,720 ILCS 550.0/4-B,CANNABIS - POSSESS 2.5-10 GRMS,30-Aug-15,1604,1723,Possess 2.5g-10g
19179033,black,M,18,720 ILCS 550.0/4-B,CANNABIS - POSSESS 2.5-10 GRMS,30-Aug-15,2021,1513,Possess 2.5g-10g
19179051,black,M,18,720 ILCS 550.0/4-B,CANNABIS - POSSESS 2.5-10 GRMS,30-Aug-15,2043,823,Possess 2.5g-10g
19179627,black,M,18,720 ILCS 550.0/4-B,CANNABIS - POSSESS 2.5-10 GRMS,31-Aug-15,2120,1532,Possess 2.5g-10g
19179693,black,M,18,720 ILCS 550.0/4-B,CANNABIS - POSSESS 2.5-10 GRMS,31-Aug-15,2201,331,Possess 2.5g-10g
19179770,white,M,19,720 ILCS 550.0/4-B,CANNABIS - POSSESS 2.5-10 GRMS,31-Aug-15,2305,513,Possess 2.5g-10g
19185355,black,M,19,720 ILCS 550.0/4-B,CANNABIS - POSSESS 2.5-10 GRMS,10-Sep-15,1130,1134,Possess 2.5g-10g
19185698,black,M,18,720 ILCS 550.0/4-B,CANNABIS - POSSESS 2.5-10 GRMS,10-Sep-15,2221,1533,Possess 2.5g-10g
19185864,black,M,18,720 ILCS 550.0/4-A,CANNABIS - POSSESS LESS THAN 2.5 GRMS,11-Sep-15,1115,1115,Possess <2.5g
19186472,black,M,19,720 ILCS 550.0/4-A,CANNABIS - POSSESS LESS THAN 2.5 GRMS,12-Sep-15,1215,1821,Possess <2.5g
19187243,black,M,18,720 ILCS 550.0/4-B,CANNABIS - POSSESS 2.5-10 GRMS,13-Sep-15,2208,412,Possess 2.5g-10g
19187692,black,M,18,720 ILCS 550.0/4-B,CANNABIS - POSSESS 2.5-10 GRMS,14-Sep-15,1910,1532,Possess 2.5g-10g
19188235,black,M,19,720 ILCS 550.0/4-B,CANNABIS - POSSESS 2.5-10 GRMS,15-Sep-15,1845,2222,Possess 2.5g-10g
19188639,black,M,19,720 ILCS 550.0/4-A,CANNABIS - POSSESS LESS THAN 2.5 GRMS,16-Sep-15,1226,1524,Possess <2.5g
19188748,black,M,18,720 ILCS 550.0/4-B,CANNABIS - POSSESS 2.5-10 GRMS,16-Sep-15,1514,724,Possess 2.5g-10g
19189186,black,M,18,720 ILCS 550.0/4-A,CANNABIS - POSSESS LESS THAN 2.5 GRMS,17-Sep-15,1035,1523,Possess <2.5g
19189507,black,M,18,720 ILCS 550.0/4-B,CANNABIS - POSSESS 2.5-10 GRMS,17-Sep-15,2037,2422,Possess 2.5g-10g
19189515,black,M,18,720 ILCS 550.0/4-B,CANNABIS - POSSESS 2.5-10 GRMS,17-Sep-15,2037,2422,Possess 2.5g-10g
19190944,black,M,18,720 ILCS 550.0/4-B,CANNABIS - POSSESS 2.5-10 GRMS,20-Sep-15,1424,2422,Possess 2.5g-10g
19191070,black,M,18,720 ILCS 550.0/4-B,CANNABIS - POSSESS 2.5-10 GRMS,20-Sep-15,1850,2221,Possess 2.5g-10g
19191723,black,M,18,720 ILCS 550.0/4-A,CANNABIS - POSSESS LESS THAN 2.5 GRMS,21-Sep-15,2220,1014,Possess <2.5g
19192173,black,M,19,720 ILCS 550.0/4-B,CANNABIS - POSSESS 2.5-10 GRMS,22-Sep-15,1730,1513,Possess 2.5g-10g
19192337,black,M,19,720 ILCS 550.0/4-B,CANNABIS - POSSESS 2.5-10 GRMS,22-Sep-15,2205,614,Possess 2.5g-10g
19192396,white hispanic,M,19,720 ILCS 550.0/4-B,CANNABIS - POSSESS 2.5-10 GRMS,22-Sep-15,2322,2512,Possess 2.5g-10g
19192536,black,M,18,720 ILCS 550.0/4-A,CANNABIS - POSSESS LESS THAN 2.5 GRMS,23-Sep-15,900,2222,Possess <2.5g
19192594,black,M,18,720 ILCS 550.0/4-A,CANNABIS - POSSESS LESS THAN 2.5 GRMS,23-Sep-15,1140,223,Possess <2.5g
19192856,black,M,19,720 ILCS 550.0/4-A,CANNABIS - POSSESS LESS THAN 2.5 GRMS,23-Sep-15,1804,1513,Possess <2.5g
19194004,black,M,18,720 ILCS 550.0/4-B,CANNABIS - POSSESS 2.5-10 GRMS,25-Sep-15,1845,423,Possess 2.5g-10g
19194543,black,M,18,720 ILCS 550.0/4-B,CANNABIS - POSSESS 2.5-10 GRMS,26-Sep-15,1511,633,Possess 2.5g-10g
19194722,black,M,18,720 ILCS 550.0/4-B,CANNABIS - POSSESS 2.5-10 GRMS,26-Sep-15,2221,624,Possess 2.5g-10g
19195170,white hispanic,M,19,720 ILCS 550.0/4-A,CANNABIS - POSSESS LESS THAN 2.5 GRMS,27-Sep-15,1730,432,Possess <2.5g
19195271,white hispanic,M,19,720 ILCS 550.0/4-A,CANNABIS - POSSESS LESS THAN 2.5 GRMS,27-Sep-15,2055,1235,Possess <2.5g
19195315,white hispanic,M,19,720 ILCS 550.0/4-A,CANNABIS - POSSESS LESS THAN 2.5 GRMS,27-Sep-15,2216,911,Possess <2.5g
19195323,black,M,18,720 ILCS 550.0/4-B,CANNABIS - POSSESS 2.5-10 GRMS,27-Sep-15,2228,1011,Possess 2.5g-10g
19195649,white hispanic,M,19,720 ILCS 550.0/4-B,CANNABIS - POSSESS 2.5-10 GRMS,28-Sep-15,1429,1235,Possess 2.5g-10g
19195856,black,M,19,720 ILCS 550.0/4-B,CANNABIS - POSSESS 2.5-10 GRMS,28-Sep-15,2001,422,Possess 2.5g-10g
19195926,black,M,18,720 ILCS 550.0/4-B,CANNABIS - POSSESS 2.5-10 GRMS,28-Sep-15,2212,1121,Possess 2.5g-10g
19196218,black,M,19,720 ILCS 550.0/4-A,CANNABIS - POSSESS LESS THAN 2.5 GRMS,29-Sep-15,1430,712,Possess <2.5g
19196825,white hispanic,M,18,720 ILCS 550.0/4-B,CANNABIS - POSSESS 2.5-10 GRMS,30-Sep-15,1535,1713,Possess 2.5g-10g
19196998,black,M,19,720 ILCS 550.0/4-B,CANNABIS - POSSESS 2.5-10 GRMS,30-Sep-15,2037,422,Possess 2.5g-10g
19197016,white hispanic,M,19,720 ILCS 550.0/4-B,CANNABIS - POSSESS 2.5-10 GRMS,30-Sep-15,2040,934,Possess 2.5g-10g
19204258,black,M,19,720 ILCS 550.0/4-B,CANNABIS - POSSESS 2.5-10 GRMS,13-Oct-15,1142,1122,Possess 2.5g-10g
19204898,white hispanic,M,18,720 ILCS 550.0/4-B,CANNABIS - POSSESS 2.5-10 GRMS,14-Oct-15,1456,823,Possess 2.5g-10g
19205191,black,M,19,720 ILCS 550.0/4-B,CANNABIS - POSSESS 2.5-10 GRMS,14-Oct-15,2223,1134,Possess 2.5g-10g
19205644,black,M,19,720 ILCS 550.0/4-B,CANNABIS - POSSESS 2.5-10 GRMS,15-Oct-15,1710,433,Possess 2.5g-10g
19205704,black,M,18,720 ILCS 550.0/4-B,CANNABIS - POSSESS 2.5-10 GRMS,15-Oct-15,1859,331,Possess 2.5g-10g
19205897,black,M,18,720 ILCS 550.0/4-A,CANNABIS - POSSESS LESS THAN 2.5 GRMS,15-Oct-15,2255,2232,Possess <2.5g
19206866,black,M,18,720 ILCS 550.0/4-B,CANNABIS - POSSESS 2.5-10 GRMS,17-Oct-15,1930,835,Possess 2.5g-10g
19207359,white,M,19,720 ILCS 550.0/4-B,CANNABIS - POSSESS 2.5-10 GRMS,18-Oct-15,1840,2211,Possess 2.5g-10g
19208205,black,M,18,720 ILCS 550.0/4-B,CANNABIS - POSSESS 2.5-10 GRMS,20-Oct-15,1114,1121,Possess 2.5g-10g
19209117,black,M,18,720 ILCS 550.0/4-B,CANNABIS - POSSESS 2.5-10 GRMS,21-Oct-15,1905,832,Possess 2.5g-10g
19209163,white,M,18,720 ILCS 550.0/4-B,CANNABIS - POSSESS 2.5-10 GRMS,21-Oct-15,2028,823,Possess 2.5g-10g
19209246,black,M,19,720 ILCS 550.0/4-B,CANNABIS - POSSESS 2.5-10 GRMS,21-Oct-15,2215,1021,Possess 2.5g-10g
19209579,white hispanic,M,18,720 ILCS 550.0/4-A,CANNABIS - POSSESS LESS THAN 2.5 GRMS,22-Oct-15,1555,2211,Possess <2.5g
19210500,black,M,19,720 ILCS 550.0/4-B,CANNABIS - POSSESS 2.5-10 GRMS,24-Oct-15,31,1014,Possess 2.5g-10g
19210833,black,M,18,720 ILCS 550.0/4-A,CANNABIS - POSSESS LESS THAN 2.5 GRMS,24-Oct-15,1758,832,Possess <2.5g
19210932,black,M,18,720 ILCS 550.0/4-A,CANNABIS - POSSESS LESS THAN 2.5 GRMS,24-Oct-15,2005,735,Possess <2.5g
19211578,black,M,19,720 ILCS 550.0/4-B,CANNABIS - POSSESS 2.5-10 GRMS,25-Oct-15,2310,732,Possess 2.5g-10g
19212077,black,M,18,720 ILCS 550.0/4-B,CANNABIS - POSSESS 2.5-10 GRMS,26-Oct-15,1907,832,Possess 2.5g-10g
19211976,black,M,19,720 ILCS 550.0/4-A,CANNABIS - POSSESS LESS THAN 2.5 GRMS,26-Oct-15,1950,2221,Possess <2.5g
19212056,white hispanic,M,18,720 ILCS 550.0/4-B,CANNABIS - POSSESS 2.5-10 GRMS,26-Oct-15,2110,923,Possess 2.5g-10g
19212102,white,M,19,720 ILCS 550.0/4-B,CANNABIS - POSSESS 2.5-10 GRMS,26-Oct-15,2312,1622,Possess 2.5g-10g
19212521,black,M,19,720 ILCS 550.0/4-A,CANNABIS - POSSESS LESS THAN 2.5 GRMS,27-Oct-15,1906,1532,Possess <2.5g
19213536,black,M,18,720 ILCS 550.0/4-B,CANNABIS - POSSESS 2.5-10 GRMS,29-Oct-15,2100,2533,Possess 2.5g-10g
19214145,white hispanic,M,18,720 ILCS 550.0/4-B,CANNABIS - POSSESS 2.5-10 GRMS,30-Oct-15,2157,2512,Possess 2.5g-10g
19214622,white hispanic,M,19,720 ILCS 550.0/4-B,CANNABIS - POSSESS 2.5-10 GRMS,31-Oct-15,2056,1612,Possess 2.5g-10g
19220617,white hispanic,M,18,720 ILCS 550.0/4-A,CANNABIS - POSSESS LESS THAN 2.5 GRMS,11-Nov-15,1325,1024,Possess <2.5g
19220740,black,M,18,720 ILCS 550.0/4-B,CANNABIS - POSSESS 2.5-10 GRMS,11-Nov-15,1718,332,Possess 2.5g-10g
19220787,black,M,19,720 ILCS 550.0/4-B,CANNABIS - POSSESS 2.5-10 GRMS,11-Nov-15,1815,332,Possess 2.5g-10g
19220903,black,M,19,720 ILCS 550.0/4-B,CANNABIS - POSSESS 2.5-10 GRMS,11-Nov-15,2132,1522,Possess 2.5g-10g
19221928,black,M,18,720 ILCS 550.0/4-A,CANNABIS - POSSESS LESS THAN 2.5 GRMS,13-Nov-15,2005,2222,Possess <2.5g
19222668,black,M,18,720 ILCS 550.0/4-B,CANNABIS - POSSESS 2.5-10 GRMS,14-Nov-15,2305,712,Possess 2.5g-10g
19222911,black,M,18,720 ILCS 550.0/4-B,CANNABIS - POSSESS 2.5-10 GRMS,15-Nov-15,1330,414,Possess 2.5g-10g
19222927,black,M,18,720 ILCS 550.0/4-B,CANNABIS - POSSESS 2.5-10 GRMS,15-Nov-15,1330,414,Possess 2.5g-10g
19223063,black,M,18,720 ILCS 550.0/4-A,CANNABIS - POSSESS LESS THAN 2.5 GRMS,15-Nov-15,1935,1013,Possess <2.5g
19223738,black,M,19,720 ILCS 550.0/4-B,CANNABIS - POSSESS 2.5-10 GRMS,16-Nov-15,2205,312,Possess 2.5g-10g
19223958,white hispanic,M,18,720 ILCS 550.0/4-B,CANNABIS - POSSESS 2.5-10 GRMS,17-Nov-15,1430,2032,Possess 2.5g-10g
19224022,black,M,18,720 ILCS 550.0/4-A,CANNABIS - POSSESS LESS THAN 2.5 GRMS,17-Nov-15,1658,1531,Possess <2.5g
19224344,black,M,18,720 ILCS 550.0/4-B,CANNABIS - POSSESS 2.5-10 GRMS,18-Nov-15,1016,1522,Possess 2.5g-10g
19224392,white,M,18,720 ILCS 550.0/4-B,CANNABIS - POSSESS 2.5-10 GRMS,18-Nov-15,1130,123,Possess 2.5g-10g
19224769,white hispanic,M,18,720 ILCS 550.0/4-B,CANNABIS - POSSESS 2.5-10 GRMS,18-Nov-15,2225,813,Possess 2.5g-10g
19225002,black,M,18,720 ILCS 550.0/4-B,CANNABIS - POSSESS 2.5-10 GRMS,19-Nov-15,1018,1132,Possess 2.5g-10g
19225672,black,M,19,720 ILCS 550.0/4-B,CANNABIS - POSSESS 2.5-10 GRMS,20-Nov-15,1507,925,Possess 2.5g-10g
19226204,black,M,18,720 ILCS 550.0/4-A,CANNABIS - POSSESS LESS THAN 2.5 GRMS,21-Nov-15,2024,611,Possess <2.5g
19226823,black,M,18,720 ILCS 550.0/4-B,CANNABIS - POSSESS 2.5-10 GRMS,23-Nov-15,1151,1133,Possess 2.5g-10g
19227338,white hispanic,M,18,720 ILCS 550.0/4-B,CANNABIS - POSSESS 2.5-10 GRMS,24-Nov-15,1153,1033,Possess 2.5g-10g
19227353,black,M,19,720 ILCS 550.0/4-B,CANNABIS - POSSESS 2.5-10 GRMS,24-Nov-15,1248,1115,Possess 2.5g-10g
19227762,white hispanic,M,19,720 ILCS 550.0/4-B,CANNABIS - POSSESS 2.5-10 GRMS,25-Nov-15,1200,922,Possess 2.5g-10g
19228476,black,M,18,720 ILCS 550.0/4-A,CANNABIS - POSSESS LESS THAN 2.5 GRMS,27-Nov-15,1508,1533,Possess <2.5g
19229421,black,M,18,720 ILCS 550.0/4-A,CANNABIS - POSSESS LESS THAN 2.5 GRMS,29-Nov-15,1458,1022,Possess <2.5g
19229970,black,M,18,720 ILCS 550.0/4-A,CANNABIS - POSSESS LESS THAN 2.5 GRMS,30-Nov-15,2010,1423,Possess <2.5g
19230029,black,M,19,720 ILCS 550.0/4-B,CANNABIS - POSSESS 2.5-10 GRMS,30-Nov-15,2215,723,Possess 2.5g-10g
19234704,white hispanic,M,18,720 ILCS 550.0/4-B,CANNABIS - POSSESS 2.5-10 GRMS,10-Dec-15,1010,811,Possess 2.5g-10g
19235381,black,M,18,720 ILCS 550.0/4-B,CANNABIS - POSSESS 2.5-10 GRMS,11-Dec-15,1825,232,Possess 2.5g-10g
19236715,black,M,19,720 ILCS 550.0/4-A,CANNABIS - POSSESS LESS THAN 2.5 GRMS,14-Dec-15,1840,411,Possess <2.5g
19237121,black,M,18,720 ILCS 550.0/4-A,CANNABIS - POSSESS LESS THAN 2.5 GRMS,15-Dec-15,1623,1533,Possess <2.5g
19239403,black,M,18,720 ILCS 550.0/4-A,CANNABIS - POSSESS LESS THAN 2.5 GRMS,20-Dec-15,955,1121,Possess <2.5g
19239483,black,M,18,720 ILCS 550.0/4-B,CANNABIS - POSSESS 2.5-10 GRMS,20-Dec-15,1445,1533,Possess 2.5g-10g
19240483,black,M,18,720 ILCS 550.0/4-B,CANNABIS - POSSESS 2.5-10 GRMS,22-Dec-15,1915,934,Possess 2.5g-10g
19241502,black,M,18,720 ILCS 550.0/4-A,CANNABIS - POSSESS LESS THAN 2.5 GRMS,25-Dec-15,1615,1013,Possess <2.5g
19241505,black,M,18,720 ILCS 550.0/4-A,CANNABIS - POSSESS LESS THAN 2.5 GRMS,25-Dec-15,1615,1013,Possess <2.5g
19241874,black,M,18,720 ILCS 550.0/4-B,CANNABIS - POSSESS 2.5-10 GRMS,26-Dec-15,2251,623,Possess 2.5g-10g
19243781,white hispanic,M,18,720 ILCS 550.0/4-B,CANNABIS - POSSESS 2.5-10 GRMS,31-Dec-15,2334,2523,Possess 2.5g-10g
