Arrests by Charge Type,,,,,,,,,,
City of Chicago,,,,,,,,,,
2014,,,,,,,,,,
,,,Juvenile,,,,Adult,,,
Year,District,Offense Description,Felony,Misdemeanor,Other,Total,Felony,Misdemeanor,Other,Total
2014,1,AGGRAVATED ASSAULT (INDEX), 2 , 6 , 0 , 8 , 1 , 32 , 0 , 33 
2014,1,AGGRAVATED BATTERY (INDEX), 4 , 0 , 0 , 4 , 25 , 0 , 0 , 25 
2014,1,BURGLARY (INDEX), 10 , 0 , 0 , 10 , 22 , 0 , 0 , 22 
2014,1,CRIMINAL SEXUAL ASSAULT (INDEX), 1 , 0 , 0 , 1 , 7 , 0 , 0 , 7 
2014,1,DISORDERLY CONDUCT, 2 , 24 , 6 , 32 , 0 , 89 , 397 , 486 
2014,1,DRIVING UNDER  THE INFLUENCE, 0 , 0 , 0 , 0 , 3 , 26 , 0 , 29 
2014,1,DRUG ABUSE VIOLATIONS, 2 , 15 , 0 , 17 , 92 , 115 , 4 , 211 
2014,1,FORGERY AND COUNTERFEITING, 0 , 0 , 0 , 0 , 15 , 2 , 0 , 17 
2014,1,FRAUD, 0 , 0 , 0 , 0 , 27 , 7 , 0 , 34 
2014,1,GAMBLING, 0 , 0 , 0 , 0 , 0 , 0 , 1 , 1 
2014,1,HOMICIDE - 1ST OR 2ND DEGREE (INDEX), 1 , 0 , 0 , 1 , 7 , 0 , 0 , 7 
2014,1,LARCENY - THEFT (INDEX), 12 , 172 , 0 , 184 , 362 , 817 , 5 ," 1,184 "
2014,1,LIQUOR LAWS, 0 , 0 , 0 , 0 , 0 , 3 , 1 , 4 
2014,1,MISCELLANEOUS MUNICIPAL CODE  VIOLATIONS, 0 , 0 , 2 , 2 , 0 , 0 , 657 , 657 
2014,1,MISCELLANEOUS NON-INDEX OFFENSES, 0 , 42 , 0 , 42 , 12 , 789 , 32 , 833 
2014,1,MOTOR VEHICLE THEFT (INDEX), 4 , 1 , 0 , 5 , 1 , 0 , 0 , 1 
2014,1,OFFENSES AGAINST FAMILY  AND CHILDREN 1  INVOLVING CHILDREN, 0 , 0 , 0 , 0 , 0 , 4 , 1 , 5 
2014,1,PROSTITUTION, 0 , 0 , 0 , 0 , 0 , 21 , 2 , 23 
2014,1,ROBBERY (INDEX), 25 , 0 , 0 , 25 , 25 , 0 , 0 , 25 
2014,1,SEX OFFENSE - CRIMINAL SEXUAL ABUSE, 0 , 0 , 0 , 0 , 5 , 7 , 25 , 37 
2014,1,SIMPLE ASSAULT, 0 , 4 , 0 , 4 , 2 , 135 , 0 , 137 
2014,1,SIMPLE  BATTERY, 0 , 52 , 0 , 52 , 1 , 412 , 0 , 413 
2014,1,TRAFFIC VIOLATIONS, 1 , 0 , 3 , 4 , 6 , 31 , 61 , 98 
2014,1,VANDALISM, 1 , 10 , 4 , 15 , 5 , 75 , 3 , 83 
2014,1,WARRANT ARRESTS, 0 , 0 , 12 , 12 , 0 , 0 , 468 , 468 
2014,1,WEAPONS, 5 , 0 , 1 , 6 , 11 , 9 , 5 , 25 
2014,2,AGGRAVATED ASSAULT (INDEX), 0 , 18 , 0 , 18 , 4 , 47 , 0 , 51 
2014,2,AGGRAVATED BATTERY (INDEX), 15 , 0 , 0 , 15 , 48 , 0 , 0 , 48 
2014,2,ARSON  (INDEX), 0 , 0 , 0 , 0 , 1 , 0 , 0 , 1 
2014,2,BURGLARY (INDEX), 30 , 0 , 0 , 30 , 24 , 0 , 0 , 24 
2014,2,CRIMINAL SEXUAL ASSAULT (INDEX), 8 , 0 , 0 , 8 , 26 , 0 , 0 , 26 
2014,2,DISORDERLY CONDUCT, 4 , 99 , 11 , 114 , 1 , 69 , 202 , 272 
2014,2,DRIVING UNDER THE INFLUENCE, 0 , 0 , 0 , 0 , 2 , 52 , 0 , 54 
2014,2,DRUG ABUSE VIOLATIONS, 9 , 77 , 0 , 86 , 388 , 425 , 1 , 814 
2014,2,FORGERY AND COUNTERFEITING, 2 , 0 , 0 , 2 , 9 , 3 , 0 , 12 
2014,2,FRAUD, 0 , 0 , 0 , 0 , 7 , 2 , 0 , 9 
2014,2,GAMBLING, 0 , 2 , 0 , 2 , 0 , 7 , 9 , 16 
2014,2,HOMICIDE - 1ST OR 2ND DEGREE (INDEX), 3 , 0 , 0 , 3 , 28 , 0 , 0 , 28 
2014,2,INVOLUNTARY MANSLAUGHTER 1  RECKLESS HOMICIDE W1 VEHICLE, 0 , 0 , 0 , 0 , 1 , 0 , 0 , 1 
2014,2,LARCENY - THEFT (INDEX), 24 , 64 , 1 , 89 , 50 , 202 , 3 , 255 
2014,2,LIQUOR  LAWS, 0 , 0 , 1 , 1 , 0 , 0 , 3 , 3 
2014,2,MISCELLANEOUS MUNICIPAL CODE  VIOLATIONS, 0 , 0 , 8 , 8 , 0 , 0 , 193 , 193 
2014,2,MISCELLANEOUS NON-INDEX OFFENSES, 3 , 152 , 4 , 159 , 94 , 482 , 60 , 636 
2014,2,MOTOR  VEHICLE THEFT  (INDEX), 22 , 11 , 0 , 33 , 15 , 28 , 0 , 43 
2014,2,OFFENSES AGAINST FAMILY AND CHILDREN 1  INVOLVING CHILDREN, 0 , 0 , 0 , 0 , 2 , 7 , 0 , 9 
2014,2,PROSTITUTION, 0 , 0 , 0 , 0 , 0 , 7 , 6 , 13 
2014,2,ROBBERY (INDEX), 72 , 0 , 0 , 72 , 61 , 0 , 0 , 61 
2014,2,SEX OFFENSE - CRIMINAL SEXUAL ABUSE, 1 , 2 , 0 , 3 , 5 , 10 , 14 , 29 
2014,2,SIMPLE ASSAULT, 0 , 24 , 1 , 25 , 2 , 87 , 1 , 90 
2014,2,SIMPLE  BATTERY, 0 , 114 , 0 , 114 , 3 , 425 , 0 , 428 
2014,2,TRAFFIC VIOLATIONS, 0 , 1 , 1 , 2 , 14 , 49 , 65 , 128 
2014,2,VANDALISM, 1 , 13 , 0 , 14 , 3 , 66 , 1 , 70 
2014,2,WARRANT ARRESTS, 0 , 0 , 50 , 50 , 0 , 0 , 543 , 543 
2014,2,WEAPONS, 30 , 2 , 14 , 46 , 58 , 19 , 8 , 85 
2014,3,AGGRAVATED ASSAULT (INDEX), 3 , 29 , 0 , 32 , 6 , 85 , 0 , 91 
2014,3,AGGRAVATED BATTERY (INDEX), 24 , 0 , 0 , 24 , 46 , 0 , 0 , 46 
2014,3,ARSON  (INDEX), 2 , 0 , 0 , 2 , 5 , 0 , 0 , 5 
2014,3,BURGLARY (INDEX), 52 , 0 , 0 , 52 , 39 , 0 , 0 , 39 
2014,3,CRIMINAL SEXUAL ASSAULT (INDEX), 0 , 0 , 0 , 0 , 16 , 0 , 0 , 16 
2014,3,DISORDERLY CONDUCT, 2 , 87 , 18 , 107 , 2 , 111 , 179 , 292 
2014,3,DRIVING UNDER  THE INFLUENCE, 0 , 0 , 0 , 0 , 8 , 56 , 0 , 64 
2014,3,DRUG ABUSE VIOLATIONS, 14 , 61 , 3 , 78 , 498 , 605 , 5 ," 1,108 "
2014,3,FORGERY AND COUNTERFEITING, 0 , 0 , 0 , 0 , 7 , 5 , 0 , 12 
2014,3,FRAUD, 0 , 0 , 0 , 0 , 9 , 2 , 0 , 11 
2014,3,GAMBLING, 0 , 17 , 2 , 19 , 0 , 72 , 25 , 97 
2014,3,HOMICIDE - 1ST OR 2ND DEGREE (INDEX), 2 , 0 , 0 , 2 , 22 , 0 , 0 , 22 
2014,3,LARCENY - THEFT  (INDEX), 10 , 26 , 0 , 36 , 37 , 141 , 5 , 183 
2014,3,LIQUOR  LAWS, 0 , 1 , 0 , 1 , 0 , 2 , 0 , 2 
2014,3,MISCELLANEOUS MUNICIPAL CODE  VIOLATIONS, 0 , 0 , 9 , 9 , 0 , 0 , 118 , 118 
2014,3,MISCELLANEOUS NON-INDEX OFFENSES, 1 , 239 , 4 , 244 , 38 , 948 , 94 ," 1,080 "
2014,3,MOTOR VEHICLE THEFT (INDEX), 28 , 13 , 0 , 41 , 15 , 50 , 0 , 65 
2014,3,OFFENSES AGAINST FAMILY  AND CHILDREN 1  INVOLVING CHILDREN, 0 , 0 , 0 , 0 , 3 , 14 , 0 , 17 
2014,3,PROSTITUTION, 0 , 0 , 0 , 0 , 0 , 6 , 33 , 39 
2014,3,ROBBERY (INDEX), 54 , 0 , 0 , 54 , 53 , 0 , 0 , 53 
2014,3,SEX OFFENSE - CRIMINAL SEXUAL ABUSE, 3 , 0 , 0 , 3 , 4 , 7 , 9 , 20 
2014,3,SIMPLE ASSAULT, 0 , 29 , 0 , 29 , 0 , 130 , 3 , 133 
2014,3,SIMPLE  BATTERY, 0 , 107 , 0 , 107 , 2 , 592 , 0 , 594 
2014,3,TRAFFIC VIOLATIONS, 0 , 1 , 1 , 2 , 57 , 168 , 160 , 385 
2014,3,VANDALISM, 2 , 7 , 0 , 9 , 1 , 85 , 0 , 86 
2014,3,WARRANT ARRESTS, 0 , 0 , 112 , 112 , 0 , 0 , 882 , 882 
2014,3,WEAPONS, 40 , 3 , 7 , 50 , 135 , 23 , 12 , 170 
2014,4,AGGRAVATED ASSAULT (INDEX), 2 , 21 , 0 , 23 , 4 , 136 , 0 , 140 
2014,4,AGGRAVATED BATTERY (INDEX), 26 , 0 , 0 , 26 , 42 , 0 , 0 , 42 
2014,4,ARSON (INDEX), 1 , 0 , 0 , 1 , 0 , 0 , 0 , 0 
2014,4,BURGLARY (INDEX), 34 , 0 , 0 , 34 , 83 , 0 , 0 , 83 
2014,4,CRIMINAL SEXUAL ASSAULT (INDEX), 3 , 0 , 0 , 3 , 17 , 0 , 0 , 17 
2014,4,DISORDERLY CONDUCT, 0 , 199 , 36 , 235 , 2 , 203 , 176 , 381 
2014,4,DRIVING UNDER  THE INFLUENCE, 0 , 0 , 0 , 0 , 34 , 156 , 0 , 190 
2014,4,DRUG  ABUSE  VIOLATIONS, 26 , 189 , 1 , 216 , 627 , 883 , 0 ," 1,510 "
2014,4,FORGERY AND COUNTERFEITING, 0 , 0 , 0 , 0 , 8 , 2 , 0 , 10 
2014,4,FRAUD, 1 , 0 , 0 , 1 , 4 , 5 , 0 , 9 
2014,4,GAMBLING, 0 , 19 , 0 , 19 , 0 , 84 , 11 , 95 
2014,4,HOMICIDE - 1ST OR 2ND DEGREE (INDEX), 3 , 0 , 0 , 3 , 18 , 0 , 0 , 18 
2014,4,LARCENY - THEFT (INDEX), 2 , 51 , 4 , 57 , 60 , 164 , 3 , 227 
2014,4,LIQUOR LAWS, 0 , 5 , 0 , 5 , 0 , 10 , 1 , 11 
2014,4,MISCELLANEOUS MUNICIPAL CODE  VIOLATIONS, 0 , 0 , 8 , 8 , 0 , 1 , 117 , 118 
2014,4,MISCELLANEOUS NON-INDEX OFFENSES, 7 , 206 , 1 , 214 , 34 , 762 , 61 , 857 
2014,4,MOTOR VEHICLE THEFT (INDEX), 22 , 7 , 0 , 29 , 20 , 22 , 0 , 42 
2014,4,OFFENSES AGAINST FAMILY  AND CHILDREN 1  INVOLVING CHILDREN, 0 , 0 , 0 , 0 , 0 , 14 , 0 , 14 
2014,4,PROSTITUTION, 0 , 0 , 0 , 0 , 0 , 9 , 9 , 18 
2014,4,ROBBERY (INDEX), 47 , 0 , 0 , 47 , 60 , 0 , 0 , 60 
2014,4,SEX OFFENSE - CRIMINAL SEXUAL ABUSE, 0 , 0 , 1 , 1 , 5 , 6 , 6 , 17 
2014,4,SIMPLE  ASSAULT, 0 , 30 , 2 , 32 , 0 , 139 , 4 , 143 
2014,4,SIMPLE BATTERY, 0 , 153 , 0 , 153 , 4 , 681 , 0 , 685 
2014,4,"STOLEN PROPERTY: BUY, RECEIVE, POSSESS", 0 , 0 , 0 , 0 , 1 , 0 , 0 , 1 
2014,4,TRAFFIC VIOLATIONS, 1 , 0 , 3 , 4 , 71 , 181 , 125 , 377 
2014,4,VANDALISM, 16 , 23 , 1 , 40 , 5 , 109 , 4 , 118 
2014,4,WARRANT ARRESTS, 0 , 0 , 95 , 95 , 0 , 0 , 777 , 777 
2014,4,WEAPONS, 50 , 12 , 26 , 88 , 153 , 40 , 17 , 210 
2014,5,AGGRAVATED ASSAULT (INDEX), 1 , 31 , 0 , 32 , 3 , 78 , 0 , 81 
2014,5,AGGRAVATED BATTERY (INDEX), 45 , 0 , 0 , 45 , 41 , 0 , 0 , 41 
2014,5,ARSON (INDEX), 0 , 0 , 0 , 0 , 3 , 0 , 0 , 3 
2014,5,BURGLARY (INDEX), 48 , 0 , 0 , 48 , 38 , 0 , 0 , 38 
2014,5,CRIMINAL SEXUAL ASSAULT (INDEX), 3 , 0 , 0 , 3 , 10 , 0 , 0 , 10 
2014,5,DISORDERLY CONDUCT, 1 , 110 , 70 , 181 , 1 , 93 , 239 , 333 
2014,5,DRIVING UNDER  THE INFLUENCE, 0 , 0 , 0 , 0 , 6 , 48 , 0 , 54 
2014,5,DRUG  ABUSE  VIOLATIONS, 13 , 97 , 0 , 110 , 601 , 527 , 1 ," 1,129 "
2014,5,FORGERY AND COUNTERFEITING, 0 , 0 , 0 , 0 , 5 , 0 , 0 , 5 
2014,5,FRAUD, 0 , 0 , 0 , 0 , 4 , 3 , 0 , 7 
2014,5,GAMBLING, 0 , 8 , 2 , 10 , 0 , 47 , 11 , 58 
2014,5,HOMICIDE - 1ST OR 2ND DEGREE (INDEX), 7 , 0 , 0 , 7 , 31 , 0 , 0 , 31 
2014,5,LARCENY - THEFT (INDEX), 11 , 49 , 0 , 60 , 57 , 275 , 1 , 333 
2014,5,LIQUOR LAWS, 0 , 0 , 1 , 1 , 0 , 1 , 5 , 6 
2014,5,MISCELLANEOUS MUNICIPAL CODE  VIOLATIONS, 0 , 0 , 10 , 10 , 0 , 0 , 119 , 119 
2014,5,MISCELLANEOUS NON-INDEX OFFENSES, 0 , 70 , 3 , 73 , 29 , 538 , 71 , 638 
2014,5,MOTOR VEHICLE THEFT (INDEX), 11 , 7 , 0 , 18 , 12 , 19 , 0 , 31 
2014,5,OFFENSES AGAINST FAMILY AND CHILDREN 1  INVOLVING CHILDREN, 0 , 0 , 0 , 0 , 2 , 12 , 1 , 15 
2014,5,PROSTITUTION, 0 , 0 , 0 , 0 , 0 , 41 , 52 , 93 
2014,5,ROBBERY (INDEX), 62 , 0 , 0 , 62 , 47 , 0 , 0 , 47 
2014,5,SEX OFFENSE - CRIMINAL SEXUAL ABUSE, 1 , 0 , 0 , 1 , 5 , 5 , 4 , 14 
2014,5,SIMPLE  ASSAULT, 0 , 41 , 6 , 47 , 0 , 171 , 2 , 173 
2014,5,SIMPLE BATTERY, 0 , 170 , 0 , 170 , 4 , 620 , 0 , 624 
2014,5,TRAFFIC VIOLATIONS, 0 , 0 , 4 , 4 , 28 , 115 , 113 , 256 
2014,5,VANDALISM, 3 , 18 , 0 , 21 , 3 , 93 , 3 , 99 
2014,5,WARRANT ARRESTS, 0 , 0 , 90 , 90 , 0 , 0 , 937 , 937 
2014,5,WEAPONS, 58 , 4 , 10 , 72 , 172 , 44 , 9 , 225 
2014,6,AGGRAVATED ASSAULT (INDEX), 4 , 32 , 0 , 36 , 2 , 90 , 0 , 92 
2014,6,AGGRAVATED BATTERY (INDEX), 31 , 0 , 0 , 31 , 35 , 0 , 0 , 35 
2014,6,ARSON (INDEX), 1 , 0 , 0 , 1 , 3 , 0 , 0 , 3 
2014,6,BURGLARY (INDEX), 45 , 0 , 0 , 45 , 70 , 0 , 0 , 70 
2014,6,CRIMINAL SEXUAL ASSAULT (INDEX), 3 , 0 , 0 , 3 , 15 , 0 , 0 , 15 
2014,6,DISORDERLY CONDUCT, 0 , 127 , 24 , 151 , 1 , 128 , 199 , 328 
2014,6,DRIVING UNDER  THE INFLUENCE, 0 , 0 , 0 , 0 , 12 , 49 , 0 , 61 
2014,6,DRUG  ABUSE  VIOLATIONS, 17 , 63 , 1 , 81 , 756 , 643 , 1 ," 1,400 "
2014,6,FORGERY AND COUNTERFEITING, 0 , 0 , 0 , 0 , 10 , 1 , 0 , 11 
2014,6,FRAUD, 0 , 0 , 0 , 0 , 4 , 4 , 0 , 8 
2014,6,GAMBLING, 0 , 9 , 0 , 9 , 0 , 47 , 16 , 63 
2014,6,HOMICIDE - 1ST OR 2ND DEGREE (INDEX), 3 , 0 , 0 , 3 , 12 , 0 , 0 , 12 
2014,6,LARCENY - THEFT  (INDEX), 9 , 84 , 1 , 94 , 208 , 442 , 3 , 653 
2014,6,LIQUOR  LAWS, 0 , 1 , 0 , 1 , 0 , 1 , 3 , 4 
2014,6,MISCELLANEOUS MUNICIPAL CODE  VIOLATIONS, 0 , 0 , 1 , 1 , 0 , 0 , 205 , 205 
2014,6,MISCELLANEOUS NON-INDEX OFFENSES, 0 , 102 , 1 , 103 , 25 , 648 , 47 , 720 
2014,6,MOTOR  VEHICLE THEFT  (INDEX), 22 , 9 , 0 , 31 , 25 , 28 , 0 , 53 
2014,6,OFFENSES AGAINST FAMILY AND CHILDREN 1  INVOLVING CHILDREN, 1 , 0 , 1 , 2 , 2 , 1 , 0 , 3 
2014,6,PROSTITUTION, 0 , 0 , 0 , 0 , 0 , 25 , 13 , 38 
2014,6,ROBBERY (INDEX), 89 , 0 , 0 , 89 , 88 , 0 , 0 , 88 
2014,6,SEX OFFENSE - CRIMINAL SEXUAL ABUSE, 0 , 0 , 0 , 0 , 6 , 6 , 14 , 26 
2014,6,SIMPLE ASSAULT, 0 , 29 , 0 , 29 , 0 , 153 , 4 , 157 
2014,6,SIMPLE  BATTERY, 0 , 128 , 0 , 128 , 3 , 776 , 0 , 779 
2014,6,TRAFFIC VIOLATIONS, 0 , 1 , 6 , 7 , 57 , 138 , 150 , 345 
2014,6,VANDALISM, 10 , 20 , 1 , 31 , 6 , 131 , 1 , 138 
2014,6,WARRANT ARRESTS, 0 , 0 , 91 , 91 , 0 , 0 , 834 , 834 
2014,6,WEAPONS, 46 , 7 , 6 , 59 , 179 , 44 , 14 , 237 
2014,7,AGGRAVATED ASSAULT (INDEX), 2 , 28 , 0 , 30 , 2 , 109 , 0 , 111 
2014,7,AGGRAVATED BATTERY (INDEX), 26 , 0 , 0 , 26 , 53 , 0 , 0 , 53 
2014,7,BURGLARY (INDEX), 40 , 0 , 0 , 40 , 58 , 0 , 0 , 58 
2014,7,CRIMINAL SEXUAL ASSAULT (INDEX), 4 , 0 , 0 , 4 , 15 , 0 , 0 , 15 
2014,7,DISORDERLY CONDUCT, 2 , 73 , 6 , 81 , 1 , 171 , 104 , 276 
2014,7,DRIVING UNDER THE INFLUENCE, 0 , 0 , 0 , 0 , 29 , 107 , 0 , 136 
2014,7,DRUG ABUSE VIOLATIONS, 27 , 46 , 0 , 73 , 938 , 837 , 2 ," 1,777 "
2014,7,FORGERY AND COUNTERFEITING, 1 , 0 , 0 , 1 , 10 , 2 , 0 , 12 
2014,7,FRAUD, 0 , 0 , 0 , 0 , 4 , 2 , 0 , 6 
2014,7,GAMBLING, 0 , 11 , 0 , 11 , 0 , 139 , 5 , 144 
2014,7,HOMICIDE - 1ST OR 2ND DEGREE (INDEX), 4 , 0 , 0 , 4 , 16 , 0 , 0 , 16 
2014,7,INVOLUNTARY MANSLAUGHTER 1  RECKLESS HOMICIDE W1 VEHICLE, 0 , 0 , 0 , 0 , 1 , 0 , 0 , 1 
2014,7,LARCENY - THEFT  (INDEX), 9 , 56 , 0 , 65 , 50 , 251 , 11 , 312 
2014,7,LIQUOR LAWS, 0 , 3 , 0 , 3 , 0 , 1 , 2 , 3 
2014,7,MISCELLANEOUS MUNICIPAL CODE  VIOLATIONS, 0 , 0 , 6 , 6 , 0 , 0 , 167 , 167 
2014,7,MISCELLANEOUS NON-INDEX OFFENSES, 2 , 141 , 3 , 146 , 47 , 709 , 77 , 833 
2014,7,MOTOR VEHICLE THEFT (INDEX), 42 , 24 , 0 , 66 , 40 , 56 , 0 , 96 
2014,7,OFFENSES AGAINST FAMILY  AND CHILDREN 1  INVOLVING CHILDREN, 0 , 0 , 0 , 0 , 1 , 7 , 0 , 8 
2014,7,PROSTITUTION, 0 , 0 , 0 , 0 , 0 , 39 , 10 , 49 
2014,7,ROBBERY (INDEX), 99 , 0 , 0 , 99 , 63 , 0 , 0 , 63 
2014,7,SEX OFFENSE - CRIMINAL SEXUAL ABUSE, 0 , 0 , 1 , 1 , 8 , 11 , 4 , 23 
2014,7,SIMPLE  ASSAULT, 0 , 13 , 1 , 14 , 1 , 165 , 3 , 169 
2014,7,SIMPLE BATTERY, 0 , 99 , 0 , 99 , 2 , 689 , 0 , 691 
2014,7,TRAFFIC VIOLATIONS, 1 , 3 , 5 , 9 , 74 , 169 , 221 , 464 
2014,7,VANDALISM, 7 , 13 , 0 , 20 , 5 , 109 , 2 , 116 
2014,7,WARRANT ARRESTS, 0 , 0 , 130 , 130 , 0 , 0 ," 1,067 "," 1,067 "
2014,7,WEAPONS, 51 , 10 , 8 , 69 , 238 , 37 , 17 , 292 
2014,8,AGGRAVATED ASSAULT (INDEX), 1 , 17 , 0 , 18 , 4 , 78 , 0 , 82 
2014,8,AGGRAVATED BATTERY (INDEX), 21 , 0 , 0 , 21 , 48 , 0 , 0 , 48 
2014,8,ARSON (INDEX), 2 , 0 , 0 , 2 , 0 , 0 , 0 , 0 
2014,8,BURGLARY (INDEX), 60 , 0 , 0 , 60 , 92 , 0 , 0 , 92 
2014,8,CRIMINAL SEXUAL ASSAULT (INDEX), 5 , 0 , 0 , 5 , 25 , 0 , 0 , 25 
2014,8,DISORDERLY CONDUCT, 2 , 270 , 93 , 365 , 4 , 247 , 301 , 552 
2014,8,DRIVING UNDER  THE INFLUENCE, 0 , 0 , 0 , 0 , 100 , 158 , 0 , 258 
2014,8,DRUG  ABUSE  VIOLATIONS, 23 , 142 , 1 , 166 , 559 , 647 , 1 ," 1,207 "
2014,8,FORGERY AND COUNTERFEITING, 0 , 0 , 0 , 0 , 7 , 3 , 0 , 10 
2014,8,FRAUD, 1 , 0 , 0 , 1 , 9 , 5 , 0 , 14 
2014,8,GAMBLING, 0 , 18 , 0 , 18 , 0 , 81 , 1 , 82 
2014,8,HOMICIDE - 1ST OR 2ND DEGREE (INDEX), 1 , 0 , 0 , 1 , 13 , 0 , 0 , 13 
2014,8,LARCENY - THEFT (INDEX), 20 , 207 , 3 , 230 , 105 , 386 , 7 , 498 
2014,8,LIQUOR  LAWS, 0 , 4 , 0 , 4 , 0 , 4 , 11 , 15 
2014,8,MISCELLANEOUS MUNICIPAL CODE  VIOLATIONS, 0 , 0 , 17 , 17 , 0 , 0 , 78 , 78 
2014,8,MISCELLANEOUS NON-INDEX OFFENSES, 3 , 150 , 2 , 155 , 41 , 630 , 21 , 692 
2014,8,MOTOR VEHICLE THEFT (INDEX), 19 , 15 , 0 , 34 , 10 , 15 , 0 , 25 
2014,8,OFFENSES AGAINST FAMILY  AND CHILDREN 1  INVOLVING CHILDREN, 0 , 1 , 0 , 1 , 0 , 8 , 0 , 8 
2014,8,PROSTITUTION, 0 , 0 , 0 , 0 , 0 , 89 , 3 , 92 
2014,8,ROBBERY (INDEX), 83 , 0 , 0 , 83 , 48 , 0 , 0 , 48 
2014,8,SEX OFFENSE - CRIMINAL SEXUAL ABUSE, 1 , 1 , 0 , 2 , 19 , 7 , 14 , 40 
2014,8,SIMPLE  ASSAULT, 2 , 44 , 2 , 48 , 2 , 123 , 3 , 128 
2014,8,SIMPLE BATTERY, 0 , 115 , 0 , 115 , 1 , 619 , 0 , 620 
2014,8,TRAFFIC VIOLATIONS, 0 , 2 , 6 , 8 , 71 , 207 , 186 , 464 
2014,8,VANDALISM, 15 , 83 , 20 , 118 , 7 , 153 , 7 , 167 
2014,8,WARRANT ARRESTS, 0 , 0 , 69 , 69 , 0 , 0 , 722 , 722 
2014,8,WEAPONS, 21 , 15 , 21 , 57 , 103 , 21 , 17 , 141 
2014,9,AGGRAVATED ASSAULT (INDEX), 4 , 17 , 0 , 21 , 2 , 76 , 0 , 78 
2014,9,AGGRAVATED BATTERY (INDEX), 35 , 0 , 0 , 35 , 50 , 0 , 0 , 50 
2014,9,ARSON  (INDEX), 0 , 0 , 0 , 0 , 7 , 0 , 0 , 7 
2014,9,BURGLARY (INDEX), 45 , 0 , 0 , 45 , 63 , 0 , 0 , 63 
2014,9,CRIMINAL SEXUAL ASSAULT (INDEX), 1 , 0 , 0 , 1 , 22 , 0 , 0 , 22 
2014,9,DISORDERLY CONDUCT, 0 , 71 , 9 , 80 , 3 , 146 , 112 , 261 
2014,9,DRIVING UNDER  THE INFLUENCE, 0 , 0 , 0 , 0 , 67 , 104 , 0 , 171 
2014,9,DRUG ABUSE VIOLATIONS, 25 , 108 , 0 , 133 , 580 , 492 , 2 ," 1,074 "
2014,9,FORGERY AND COUNTERFEITING, 1 , 0 , 0 , 1 , 16 , 0 , 0 , 16 
2014,9,FRAUD, 1 , 0 , 0 , 1 , 7 , 1 , 0 , 8 
2014,9,GAMBLING, 0 , 1 , 0 , 1 , 0 , 25 , 0 , 25 
2014,9,HOMICIDE - 1ST OR 2ND DEGREE (INDEX), 4 , 0 , 0 , 4 , 10 , 0 , 0 , 10 
2014,9,INVOLUNTARY MANSLAUGHTER 1  RECKLESS HOMICIDE W1 VEHICLE, 0 , 0 , 0 , 0 , 1 , 0 , 0 , 1 
2014,9,LARCENY - THEFT  (INDEX), 8 , 57 , 0 , 65 , 77 , 259 , 4 , 340 
2014,9,LIQUOR  LAWS, 0 , 5 , 0 , 5 , 0 , 8 , 4 , 12 
2014,9,MISCELLANEOUS MUNICIPAL CODE  VIOLATIONS, 0 , 0 , 7 , 7 , 0 , 0 , 86 , 86 
2014,9,MISCELLANEOUS NON-INDEX OFFENSES, 6 , 112 , 1 , 119 , 44 , 530 , 21 , 595 
2014,9,MOTOR  VEHICLE THEFT  (INDEX), 26 , 20 , 0 , 46 , 19 , 16 , 0 , 35 
2014,9,OFFENSES AGAINST FAMILY  AND CHILDREN 1  INVOLVING CHILDREN, 0 , 0 , 0 , 0 , 1 , 10 , 0 , 11 
2014,9,PROSTITUTION, 0 , 0 , 0 , 0 , 0 , 12 , 3 , 15 
2014,9,ROBBERY (INDEX), 54 , 0 , 0 , 54 , 71 , 0 , 0 , 71 
2014,9,SEX OFFENSE - CRIMINAL SEXUAL ABUSE, 2 , 2 , 0 , 4 , 10 , 9 , 4 , 23 
2014,9,SIMPLE ASSAULT, 0 , 27 , 0 , 27 , 0 , 105 , 0 , 105 
2014,9,SIMPLE BATTERY, 0 , 95 , 0 , 95 , 4 , 573 , 0 , 577 
2014,9,TRAFFIC VIOLATIONS, 0 , 0 , 1 , 1 , 50 , 320 , 229 , 599 
2014,9,VANDALISM, 5 , 42 , 23 , 70 , 2 , 111 , 8 , 121 
2014,9,WARRANT ARRESTS, 0 , 0 , 64 , 64 , 0 , 0 , 663 , 663 
2014,9,WEAPONS, 29 , 15 , 3 , 47 , 90 , 20 , 6 , 116 
2014,10,AGGRAVATED ASSAULT (INDEX), 2 , 24 , 0 , 26 , 5 , 54 , 0 , 59 
2014,10,AGGRAVATED BATTERY (INDEX), 26 , 0 , 0 , 26 , 81 , 0 , 0 , 81 
2014,10,ARSON  (INDEX), 0 , 0 , 0 , 0 , 1 , 0 , 0 , 1 
2014,10,BURGLARY (INDEX), 38 , 0 , 0 , 38 , 100 , 0 , 0 , 100 
2014,10,CRIMINAL SEXUAL ASSAULT (INDEX), 0 , 0 , 0 , 0 , 30 , 0 , 0 , 30 
2014,10,DISORDERLY CONDUCT, 1 , 135 , 15 , 151 , 2 , 272 , 416 , 690 
2014,10,DRIVING UNDER THE INFLUENCE, 0 , 0 , 0 , 0 , 139 , 169 , 0 , 308 
2014,10,DRUG ABUSE VIOLATIONS, 78 , 130 , 1 , 209 ," 1,155 ", 663 , 2 ," 1,820 "
2014,10,FORGERY AND COUNTERFEITING, 0 , 0 , 0 , 0 , 8 , 1 , 0 , 9 
2014,10,FRAUD, 0 , 0 , 0 , 0 , 4 , 2 , 0 , 6 
2014,10,GAMBLING, 0 , 20 , 7 , 27 , 0 , 101 , 29 , 130 
2014,10,HOMICIDE - 1ST OR 2ND DEGREE (INDEX), 5 , 0 , 0 , 5 , 43 , 0 , 0 , 43 
2014,10,LARCENY - THEFT  (INDEX), 5 , 40 , 0 , 45 , 49 , 155 , 1 , 205 
2014,10,LIQUOR  LAWS, 0 , 7 , 1 , 8 , 0 , 31 , 10 , 41 
2014,10,MISCELLANEOUS MUNICIPAL CODE VIOLATIONS, 0 , 0 , 80 , 80 , 0 , 0 , 277 , 277 
2014,10,MISCELLANEOUS NON-INDEX OFFENSES, 2 , 93 , 11 , 106 , 64 , 480 , 72 , 616 
2014,10,MOTOR  VEHICLE THEFT  (INDEX), 25 , 14 , 0 , 39 , 18 , 15 , 0 , 33 
2014,10,OFFENSES AGAINST FAMILY  AND CHILDREN 1  INVOLVING CHILDREN, 0 , 0 , 0 , 0 , 0 , 11 , 2 , 13 
2014,10,PROSTITUTION, 0 , 0 , 0 , 0 , 0 , 6 , 5 , 11 
2014,10,ROBBERY (INDEX), 43 , 0 , 0 , 43 , 102 , 0 , 0 , 102 
2014,10,SEX OFFENSE - CRIMINAL SEXUAL ABUSE, 2 , 1 , 0 , 3 , 6 , 2 , 10 , 18 
2014,10,SIMPLE  ASSAULT, 1 , 21 , 0 , 22 , 2 , 114 , 2 , 118 
2014,10,SIMPLE  BATTERY, 0 , 80 , 0 , 80 , 5 , 598 , 0 , 603 
2014,10,TRAFFIC VIOLATIONS, 0 , 0 , 9 , 9 , 74 , 144 , 193 , 411 
2014,10,VANDALISM, 1 , 37 , 8 , 46 , 1 , 84 , 7 , 92 
2014,10,WARRANT ARRESTS, 0 , 0 , 96 , 96 , 0 , 0 , 808 , 808 
2014,10,WEAPONS, 19 , 5 , 10 , 34 , 109 , 30 , 9 , 148 
2014,11,AGGRAVATED ASSAULT (INDEX), 6 , 19 , 0 , 25 , 5 , 89 , 0 , 94 
2014,11,AGGRAVATED BATTERY (INDEX), 25 , 0 , 0 , 25 , 53 , 0 , 0 , 53 
2014,11,ARSON (INDEX), 0 , 0 , 0 , 0 , 1 , 0 , 0 , 1 
2014,11,BURGLARY (INDEX), 17 , 0 , 0 , 17 , 52 , 0 , 0 , 52 
2014,11,CRIMINAL SEXUAL ASSAULT (INDEX), 2 , 0 , 0 , 2 , 12 , 0 , 0 , 12 
2014,11,DISORDERLY CONDUCT, 0 , 94 , 13 , 107 , 4 , 166 , 385 , 555 
2014,11,DRIVING UNDER  THE INFLUENCE, 0 , 0 , 0 , 0 , 30 , 107 , 0 , 137 
2014,11,DRUG  ABUSE  VIOLATIONS, 652 , 150 , 0 , 802 ," 4,620 "," 1,402 ", 1 ," 6,023 "
2014,11,FORGERY AND COUNTERFEITING, 0 , 0 , 0 , 0 , 14 , 2 , 0 , 16 
2014,11,FRAUD, 1 , 0 , 0 , 1 , 16 , 4 , 0 , 20 
2014,11,GAMBLING, 0 , 15 , 4 , 19 , 0 , 189 , 26 , 215 
2014,11,HOMICIDE - 1ST OR 2ND DEGREE (INDEX), 0 , 0 , 0 , 0 , 15 , 0 , 0 , 15 
2014,11,INVOLUNTARY MANSLAUGHTER 1  RECKLESS HOMICIDE W1 VEHICLE, 0 , 0 , 0 , 0 , 1 , 0 , 0 , 1 
2014,11,LARCENY - THEFT  (INDEX), 8 , 52 , 0 , 60 , 43 , 325 , 0 , 368 
2014,11,LIQUOR  LAWS, 0 , 1 , 0 , 1 , 0 , 5 , 8 , 13 
2014,11,MISCELLANEOUS MUNICIPAL CODE VIOLATIONS, 0 , 0 , 69 , 69 , 0 , 0 , 803 , 803 
2014,11,MISCELLANEOUS NON-INDEX OFFENSES, 3 , 99 , 11 , 113 , 56 , 942 , 168 ," 1,166 "
2014,11,MOTOR  VEHICLE THEFT  (INDEX), 57 , 34 , 0 , 91 , 25 , 39 , 0 , 64 
2014,11,OFFENSES AGAINST FAMILY  AND CHILDREN 1  INVOLVING CHILDREN, 0 , 0 , 0 , 0 , 0 , 20 , 0 , 20 
2014,11,PROSTITUTION, 0 , 1 , 0 , 1 , 0 , 75 , 34 , 109 
2014,11,ROBBERY (INDEX), 45 , 0 , 0 , 45 , 68 , 0 , 0 , 68 
2014,11,SEX OFFENSE - CRIMINAL SEXUAL ABUSE, 1 , 0 , 0 , 1 , 9 , 8 , 24 , 41 
2014,11,SIMPLE ASSAULT, 0 , 14 , 2 , 16 , 0 , 96 , 2 , 98 
2014,11,SIMPLE  BATTERY, 0 , 131 , 0 , 131 , 0 , 565 , 0 , 565 
2014,11,TRAFFIC VIOLATIONS, 0 , 3 , 3 , 6 , 75 ," 1,145 ", 593 ," 1,813 "
2014,11,VANDALISM, 5 , 13 , 0 , 18 , 5 , 101 , 1 , 107 
2014,11,WARRANT ARRESTS, 0 , 0 , 184 , 184 , 0 , 0 ," 1,856 "," 1,856 "
2014,11,WEAPONS, 15 , 7 , 9 , 31 , 148 , 24 , 18 , 190 
2014,12,AGGRAVATED ASSAULT (INDEX), 0 , 7 , 0 , 7 , 2 , 55 , 0 , 57 
2014,12,AGGRAVATED BATTERY (INDEX), 28 , 0 , 0 , 28 , 23 , 0 , 0 , 23 
2014,12,ARSON  (INDEX), 0 , 0 , 0 , 0 , 2 , 0 , 0 , 2 
2014,12,BURGLARY (INDEX), 13 , 0 , 0 , 13 , 50 , 0 , 0 , 50 
2014,12,CRIMINAL SEXUAL ASSAULT (INDEX), 1 , 0 , 0 , 1 , 14 , 0 , 0 , 14 
2014,12,DISORDERLY CONDUCT, 0 , 46 , 7 , 53 , 1 , 108 , 127 , 236 
2014,12,DRIVING UNDER  THE INFLUENCE, 0 , 1 , 0 , 1 , 43 , 148 , 0 , 191 
2014,12,DRUG ABUSE VIOLATIONS, 10 , 57 , 0 , 67 , 250 , 273 , 1 , 524 
2014,12,FORGERY AND COUNTERFEITING, 0 , 0 , 0 , 0 , 3 , 1 , 0 , 4 
2014,12,FRAUD, 0 , 0 , 0 , 0 , 2 , 3 , 0 , 5 
2014,12,GAMBLING, 0 , 2 , 0 , 2 , 0 , 11 , 0 , 11 
2014,12,HOMICIDE - 1ST OR 2ND DEGREE (INDEX), 1 , 0 , 0 , 1 , 6 , 0 , 0 , 6 
2014,12,LARCENY - THEFT (INDEX), 7 , 28 , 0 , 35 , 117 , 277 , 1 , 395 
2014,12,LIQUOR  LAWS, 0 , 7 , 1 , 8 , 0 , 7 , 2 , 9 
2014,12,MISCELLANEOUS MUNICIPAL CODE  VIOLATIONS, 0 , 0 , 8 , 8 , 0 , 0 , 105 , 105 
2014,12,MISCELLANEOUS NON-INDEX OFFENSES, 3 , 59 , 0 , 62 , 26 , 372 , 40 , 438 
2014,12,MOTOR VEHICLE THEFT (INDEX), 16 , 0 , 0 , 16 , 6 , 4 , 0 , 10 
2014,12,OFFENSES AGAINST FAMILY AND CHILDREN 1  INVOLVING CHILDREN, 0 , 0 , 0 , 0 , 0 , 5 , 0 , 5 
2014,12,PROSTITUTION, 0 , 0 , 0 , 0 , 0 , 12 , 5 , 17 
2014,12,ROBBERY (INDEX), 47 , 0 , 0 , 47 , 40 , 0 , 0 , 40 
2014,12,SEX OFFENSE - CRIMINAL SEXUAL ABUSE, 1 , 1 , 2 , 4 , 5 , 5 , 4 , 14 
2014,12,SIMPLE ASSAULT, 0 , 18 , 0 , 18 , 1 , 86 , 2 , 89 
2014,12,SIMPLE BATTERY, 0 , 62 , 0 , 62 , 2 , 376 , 0 , 378 
2014,12,"STOLEN  PROPERTY: BUY, RECEIVE, POSSESS", 0 , 0 , 0 , 0 , 1 , 0 , 0 , 1 
2014,12,TRAFFIC VIOLATIONS, 0 , 0 , 4 , 4 , 5 , 37 , 88 , 130 
2014,12,VANDALISM, 5 , 21 , 2 , 28 , 6 , 94 , 4 , 104 
2014,12,WARRANT ARRESTS, 0 , 0 , 27 , 27 , 0 , 0 , 397 , 397 
2014,12,WEAPONS, 11 , 7 , 5 , 23 , 29 , 10 , 5 , 44 
2014,14,AGGRAVATED ASSAULT (INDEX), 0 , 2 , 0 , 2 , 1 , 49 , 0 , 50 
2014,14,AGGRAVATED BATTERY (INDEX), 1 , 0 , 0 , 1 , 14 , 0 , 0 , 14 
2014,14,ARSON  (INDEX), 0 , 0 , 0 , 0 , 1 , 0 , 0 , 1 
2014,14,BURGLARY (INDEX), 9 , 0 , 0 , 9 , 30 , 0 , 0 , 30 
2014,14,CRIMINAL SEXUAL ASSAULT (INDEX), 0 , 0 , 0 , 0 , 11 , 0 , 0 , 11 
2014,14,DISORDERLY CONDUCT, 0 , 20 , 1 , 21 , 0 , 55 , 155 , 210 
2014,14,DRIVING UNDER THE INFLUENCE, 0 , 0 , 0 , 0 , 44 , 128 , 0 , 172 
2014,14,DRUG ABUSE VIOLATIONS, 8 , 46 , 1 , 55 , 117 , 144 , 2 , 263 
2014,14,FORGERY AND COUNTERFEITING, 0 , 0 , 0 , 0 , 2 , 2 , 0 , 4 
2014,14,FRAUD, 0 , 0 , 0 , 0 , 1 , 3 , 0 , 4 
2014,14,HOMICIDE - 1ST OR 2ND DEGREE (INDEX), 1 , 0 , 0 , 1 , 6 , 0 , 0 , 6 
2014,14,LARCENY - THEFT  (INDEX), 6 , 24 , 0 , 30 , 51 , 162 , 0 , 213 
2014,14,LIQUOR  LAWS, 0 , 6 , 1 , 7 , 0 , 9 , 0 , 9 
2014,14,MISCELLANEOUS MUNICIPAL CODE  VIOLATIONS, 0 , 0 , 8 , 8 , 0 , 0 , 54 , 54 
2014,14,MISCELLANEOUS NON-INDEX OFFENSES, 0 , 57 , 0 , 57 , 16 , 247 , 2 , 265 
2014,14,MOTOR VEHICLE THEFT (INDEX), 1 , 1 , 0 , 2 , 5 , 4 , 0 , 9 
2014,14,OFFENSES AGAINST FAMILY AND CHILDREN 1  INVOLVING CHILDREN, 0 , 0 , 1 , 1 , 0 , 6 , 2 , 8 
2014,14,PROSTITUTION, 0 , 0 , 0 , 0 , 0 , 7 , 3 , 10 
2014,14,ROBBERY (INDEX), 18 , 0 , 0 , 18 , 38 , 0 , 0 , 38 
2014,14,SEX OFFENSE - CRIMINAL SEXUAL ABUSE, 1 , 0 , 0 , 1 , 7 , 2 , 2 , 11 
2014,14,SIMPLE  ASSAULT, 0 , 7 , 0 , 7 , 0 , 76 , 1 , 77 
2014,14,SIMPLE BATTERY, 0 , 21 , 0 , 21 , 1 , 406 , 0 , 407 
2014,14,"STOLEN  PROPERTY: BUY, RECEIVE, POSSESS", 0 , 0 , 0 , 0 , 1 , 0 , 0 , 1 
2014,14,TRAFFIC VIOLATIONS, 0 , 0 , 7 , 7 , 15 , 34 , 60 , 109 
2014,14,VANDALISM, 4 , 15 , 1 , 20 , 0 , 88 , 19 , 107 
2014,14,WARRANT ARRESTS, 0 , 0 , 22 , 22 , 0 , 0 , 212 , 212 
2014,14,WEAPONS, 3 , 2 , 3 , 8 , 14 , 11 , 6 , 31 
2014,15,AGGRAVATED ASSAULT (INDEX), 1 , 19 , 0 , 20 , 7 , 63 , 0 , 70 
2014,15,AGGRAVATED BATTERY (INDEX), 33 , 0 , 0 , 33 , 27 , 0 , 0 , 27 
2014,15,ARSON  (INDEX), 0 , 0 , 0 , 0 , 1 , 0 , 0 , 1 
2014,15,BURGLARY (INDEX), 33 , 0 , 0 , 33 , 38 , 0 , 0 , 38 
2014,15,CRIMINAL SEXUAL ASSAULT (INDEX), 2 , 0 , 0 , 2 , 8 , 0 , 0 , 8 
2014,15,DISORDERLY CONDUCT, 1 , 80 , 20 , 101 , 1 , 113 , 191 , 305 
2014,15,DRIVING UNDER  THE INFLUENCE, 1 , 0 , 0 , 1 , 29 , 90 , 0 , 119 
2014,15,DRUG  ABUSE  VIOLATIONS, 96 , 276 , 0 , 372 ," 1,733 "," 1,144 ", 6 ," 2,883 "
2014,15,FORGERY AND COUNTERFEITING, 0 , 0 , 0 , 0 , 2 , 1 , 0 , 3 
2014,15,FRAUD, 0 , 0 , 0 , 0 , 8 , 0 , 0 , 8 
2014,15,GAMBLING, 0 , 52 , 0 , 52 , 0 , 165 , 13 , 178 
2014,15,HOMICIDE - 1ST OR 2ND DEGREE (INDEX), 2 , 0 , 0 , 2 , 13 , 0 , 0 , 13 
2014,15,LARCENY - THEFT  (INDEX), 10 , 19 , 0 , 29 , 25 , 123 , 2 , 150 
2014,15,LIQUOR LAWS, 0 , 0 , 1 , 1 , 0 , 0 , 1 , 1 
2014,15,MISCELLANEOUS MUNICIPAL CODE VIOLATIONS, 0 , 0 , 111 , 111 , 0 , 0 , 455 , 455 
2014,15,MISCELLANEOUS NON-INDEX OFFENSES, 1 , 182 , 34 , 217 , 37 , 635 , 142 , 814 
2014,15,MOTOR VEHICLE THEFT (INDEX), 31 , 17 , 0 , 48 , 19 , 27 , 0 , 46 
2014,15,OFFENSES AGAINST FAMILY  AND CHILDREN 1  INVOLVING CHILDREN, 0 , 0 , 0 , 0 , 0 , 13 , 0 , 13 
2014,15,PROSTITUTION, 0 , 0 , 0 , 0 , 0 , 23 , 18 , 41 
2014,15,ROBBERY (INDEX), 62 , 0 , 0 , 62 , 63 , 0 , 0 , 63 
2014,15,SEX OFFENSE - CRIMINAL SEXUAL ABUSE, 0 , 0 , 0 , 0 , 2 , 2 , 17 , 21 
2014,15,SIMPLE  ASSAULT, 0 , 12 , 0 , 12 , 0 , 124 , 2 , 126 
2014,15,SIMPLE  BATTERY, 0 , 86 , 0 , 86 , 0 , 489 , 0 , 489 
2014,15,TRAFFIC VIOLATIONS, 0 , 2 , 13 , 15 , 51 , 206 , 292 , 549 
2014,15,VANDALISM, 6 , 20 , 0 , 26 , 2 , 86 , 3 , 91 
2014,15,WARRANT ARRESTS, 0 , 0 , 94 , 94 , 0 , 0 , 885 , 885 
2014,15,WEAPONS, 16 , 6 , 9 , 31 , 102 , 15 , 12 , 129 
2014,16,AGGRAVATED ASSAULT (INDEX), 1 , 10 , 0 , 11 , 2 , 39 , 0 , 41 
2014,16,AGGRAVATED BATTERY (INDEX), 12 , 0 , 0 , 12 , 18 , 0 , 0 , 18 
2014,16,ARSON  (INDEX), 1 , 0 , 0 , 1 , 1 , 0 , 0 , 1 
2014,16,BURGLARY (INDEX), 18 , 0 , 0 , 18 , 31 , 0 , 0 , 31 
2014,16,CRIMINAL SEXUAL ASSAULT (INDEX), 0 , 0 , 0 , 0 , 10 , 0 , 0 , 10 
2014,16,DISORDERLY CONDUCT, 0 , 39 , 1 , 40 , 0 , 43 , 84 , 127 
2014,16,DRIVING UNDER THE INFLUENCE, 0 , 0 , 0 , 0 , 46 , 235 , 0 , 281 
2014,16,DRUG ABUSE VIOLATIONS, 3 , 69 , 1 , 73 , 139 , 208 , 1 , 348 
2014,16,FORGERY AND COUNTERFEITING, 0 , 1 , 0 , 1 , 2 , 0 , 0 , 2 
2014,16,FRAUD, 1 , 0 , 0 , 1 , 7 , 2 , 1 , 10 
2014,16,HOMICIDE - 1ST OR 2ND DEGREE (INDEX), 0 , 0 , 0 , 0 , 5 , 0 , 0 , 5 
2014,16,LARCENY - THEFT  (INDEX), 6 , 23 , 0 , 29 , 41 , 137 , 2 , 180 
2014,16,LIQUOR  LAWS, 0 , 2 , 0 , 2 , 0 , 2 , 1 , 3 
2014,16,MISCELLANEOUS MUNICIPAL CODE VIOLATIONS, 0 , 0 , 0 , 0 , 0 , 0 , 27 , 27 
2014,16,MISCELLANEOUS NON-INDEX OFFENSES, 1 , 35 , 1 , 37 , 14 , 376 , 6 , 396 
2014,16,MOTOR  VEHICLE THEFT  (INDEX), 2 , 2 , 0 , 4 , 6 , 1 , 0 , 7 
2014,16,OFFENSES AGAINST FAMILY  AND CHILDREN 1  INVOLVING CHILDREN, 0 , 0 , 0 , 0 , 1 , 7 , 1 , 9 
2014,16,PROSTITUTION, 0 , 0 , 0 , 0 , 0 , 3 , 1 , 4 
2014,16,ROBBERY (INDEX), 14 , 0 , 0 , 14 , 13 , 0 , 0 , 13 
2014,16,SEX OFFENSE - CRIMINAL SEXUAL ABUSE, 0 , 1 , 0 , 1 , 4 , 8 , 7 , 19 
2014,16,SIMPLE ASSAULT, 0 , 10 , 1 , 11 , 2 , 82 , 2 , 86 
2014,16,SIMPLE BATTERY, 0 , 51 , 0 , 51 , 0 , 335 , 0 , 335 
2014,16,"STOLEN PROPERTY: BUY, RECEIVE, POSSESS", 0 , 0 , 0 , 0 , 2 , 0 , 0 , 2 
2014,16,TRAFFIC VIOLATIONS, 0 , 0 , 1 , 1 , 24 , 93 , 96 , 213 
2014,16,VANDALISM, 4 , 14 , 2 , 20 , 4 , 53 , 0 , 57 
2014,16,WARRANT ARRESTS, 0 , 0 , 20 , 20 , 0 , 0 , 473 , 473 
2014,16,WEAPONS, 2 , 5 , 1 , 8 , 19 , 23 , 10 , 52 
2014,17,AGGRAVATED ASSAULT (INDEX), 1 , 13 , 0 , 14 , 2 , 34 , 0 , 36 
2014,17,AGGRAVATED BATTERY (INDEX), 20 , 0 , 0 , 20 , 16 , 0 , 0 , 16 
2014,17,BURGLARY (INDEX), 12 , 0 , 0 , 12 , 23 , 0 , 0 , 23 
2014,17,CRIMINAL SEXUAL ASSAULT (INDEX), 1 , 0 , 0 , 1 , 6 , 0 , 0 , 6 
2014,17,DISORDERLY CONDUCT, 0 , 54 , 1 , 55 , 0 , 49 , 14 , 63 
2014,17,DRIVING UNDER THE INFLUENCE, 0 , 1 , 0 , 1 , 64 , 114 , 0 , 178 
2014,17,DRUG  ABUSE  VIOLATIONS, 10 , 75 , 0 , 85 , 141 , 135 , 0 , 276 
2014,17,FORGERY AND COUNTERFEITING, 0 , 0 , 0 , 0 , 4 , 0 , 0 , 4 
2014,17,FRAUD, 0 , 0 , 0 , 0 , 9 , 1 , 0 , 10 
2014,17,GAMBLING, 0 , 0 , 0 , 0 , 0 , 1 , 0 , 1 
2014,17,HOMICIDE - 1ST OR 2ND DEGREE (INDEX), 0 , 0 , 0 , 0 , 2 , 0 , 0 , 2 
2014,17,LARCENY - THEFT  (INDEX), 12 , 67 , 0 , 79 , 93 , 159 , 0 , 252 
2014,17,LIQUOR  LAWS, 0 , 1 , 0 , 1 , 0 , 5 , 4 , 9 
2014,17,MISCELLANEOUS MUNICIPAL CODE  VIOLATIONS, 0 , 0 , 6 , 6 , 0 , 0 , 19 , 19 
2014,17,MISCELLANEOUS NON-INDEX OFFENSES, 0 , 34 , 0 , 34 , 17 , 111 , 4 , 132 
2014,17,MOTOR  VEHICLE THEFT  (INDEX), 4 , 5 , 0 , 9 , 4 , 7 , 0 , 11 
2014,17,OFFENSES AGAINST FAMILY  AND CHILDREN 1  INVOLVING CHILDREN, 0 , 0 , 0 , 0 , 0 , 3 , 0 , 3 
2014,17,PROSTITUTION, 0 , 0 , 0 , 0 , 0 , 23 , 1 , 24 
2014,17,ROBBERY (INDEX), 16 , 0 , 0 , 16 , 19 , 0 , 0 , 19 
2014,17,SEX OFFENSE - CRIMINAL SEXUAL ABUSE, 0 , 0 , 0 , 0 , 4 , 3 , 1 , 8 
2014,17,SIMPLE ASSAULT, 0 , 8 , 0 , 8 , 1 , 45 , 1 , 47 
2014,17,SIMPLE BATTERY, 0 , 51 , 0 , 51 , 2 , 250 , 0 , 252 
2014,17,TRAFFIC VIOLATIONS, 0 , 0 , 2 , 2 , 11 , 48 , 28 , 87 
2014,17,VANDALISM, 4 , 25 , 4 , 33 , 2 , 58 , 2 , 62 
2014,17,WARRANT ARRESTS, 0 , 0 , 21 , 21 , 0 , 0 , 180 , 180 
2014,17,WEAPONS, 5 , 5 , 2 , 12 , 18 , 8 , 1 , 27 
2014,18,AGGRAVATED ASSAULT (INDEX), 0 , 1 , 0 , 1 , 1 , 28 , 0 , 29 
2014,18,AGGRAVATED BATTERY (INDEX), 5 , 0 , 0 , 5 , 25 , 0 , 0 , 25 
2014,18,ARSON  (INDEX), 0 , 0 , 0 , 0 , 1 , 0 , 0 , 1 
2014,18,BURGLARY (INDEX), 10 , 0 , 0 , 10 , 21 , 0 , 0 , 21 
2014,18,CRIMINAL SEXUAL ASSAULT (INDEX), 2 , 0 , 0 , 2 , 5 , 0 , 0 , 5 
2014,18,DISORDERLY CONDUCT, 0 , 22 , 0 , 22 , 0 , 133 , 164 , 297 
2014,18,DRIVING UNDER THE INFLUENCE, 0 , 1 , 0 , 1 , 1 , 46 , 0 , 47 
2014,18,DRUG ABUSE VIOLATIONS, 9 , 8 , 0 , 17 , 144 , 87 , 0 , 231 
2014,18,FORGERY AND COUNTERFEITING, 0 , 0 , 0 , 0 , 2 , 2 , 0 , 4 
2014,18,FRAUD, 0 , 0 , 0 , 0 , 22 , 6 , 0 , 28 
2014,18,HOMICIDE - 1ST OR 2ND DEGREE (INDEX), 1 , 0 , 0 , 1 , 1 , 0 , 0 , 1 
2014,18,LARCENY - THEFT  (INDEX), 46 , 188 , 1 , 235 , 281 , 439 , 1 , 721 
2014,18,LIQUOR  LAWS, 0 , 1 , 0 , 1 , 0 , 2 , 6 , 8 
2014,18,MISCELLANEOUS MUNICIPAL CODE  VIOLATIONS, 0 , 0 , 4 , 4 , 0 , 0 , 348 , 348 
2014,18,MISCELLANEOUS NON-INDEX OFFENSES, 2 , 49 , 3 , 54 , 8 , 508 , 40 , 556 
2014,18,MOTOR VEHICLE THEFT (INDEX), 0 , 0 , 0 , 0 , 1 , 3 , 0 , 4 
2014,18,OFFENSES AGAINST FAMILY  AND CHILDREN 1  INVOLVING CHILDREN, 0 , 0 , 0 , 0 , 0 , 7 , 1 , 8 
2014,18,PROSTITUTION, 0 , 0 , 0 , 0 , 0 , 39 , 4 , 43 
2014,18,ROBBERY (INDEX), 18 , 0 , 0 , 18 , 33 , 0 , 0 , 33 
2014,18,SEX OFFENSE - CRIMINAL SEXUAL ABUSE, 3 , 0 , 0 , 3 , 2 , 1 , 13 , 16 
2014,18,SIMPLE ASSAULT, 0 , 9 , 0 , 9 , 0 , 78 , 0 , 78 
2014,18,SIMPLE  BATTERY, 0 , 20 , 0 , 20 , 0 , 463 , 0 , 463 
2014,18,TRAFFIC VIOLATIONS, 0 , 0 , 0 , 0 , 5 , 34 , 34 , 73 
2014,18,VANDALISM, 0 , 6 , 0 , 6 , 8 , 65 , 0 , 73 
2014,18,WARRANT ARRESTS, 0 , 0 , 14 , 14 , 0 , 0 , 316 , 316 
2014,18,WEAPONS, 3 , 2 , 2 , 7 , 18 , 8 , 7 , 33 
2014,19,AGGRAVATED ASSAULT (INDEX), 0 , 2 , 0 , 2 , 0 , 39 , 0 , 39 
2014,19,AGGRAVATED BATTERY (INDEX), 12 , 0 , 0 , 12 , 52 , 0 , 0 , 52 
2014,19,BURGLARY (INDEX), 10 , 0 , 0 , 10 , 45 , 0 , 0 , 45 
2014,19,CRIMINAL SEXUAL ASSAULT (INDEX), 4 , 0 , 0 , 4 , 16 , 0 , 0 , 16 
2014,19,DISORDERLY CONDUCT, 0 , 16 , 7 , 23 , 2 , 111 , 242 , 355 
2014,19,DRIVING UNDER THE INFLUENCE, 0 , 0 , 0 , 0 , 58 , 250 , 0 , 308 
2014,19,DRUG  ABUSE  VIOLATIONS, 10 , 48 , 1 , 59 , 158 , 483 , 0 , 641 
2014,19,FORGERY AND COUNTERFEITING, 0 , 0 , 0 , 0 , 2 , 2 , 0 , 4 
2014,19,FRAUD, 0 , 0 , 0 , 0 , 6 , 3 , 0 , 9 
2014,19,HOMICIDE - 1ST OR 2ND DEGREE (INDEX), 3 , 0 , 0 , 3 , 13 , 0 , 0 , 13 
2014,19,LARCENY - THEFT  (INDEX), 5 , 71 , 0 , 76 , 145 , 346 , 4 , 495 
2014,19,LIQUOR  LAWS, 0 , 2 , 1 , 3 , 0 , 5 , 13 , 18 
2014,19,MISCELLANEOUS MUNICIPAL CODE VIOLATIONS, 0 , 0 , 4 , 4 , 0 , 0 , 203 , 203 
2014,19,MISCELLANEOUS NON-INDEX OFFENSES, 2 , 28 , 1 , 31 , 19 , 492 , 27 , 538 
2014,19,MOTOR  VEHICLE THEFT  (INDEX), 2 , 0 , 0 , 2 , 4 , 4 , 0 , 8 
2014,19,OFFENSES AGAINST FAMILY  AND CHILDREN 1  INVOLVING CHILDREN, 0 , 0 , 0 , 0 , 2 , 16 , 0 , 18 
2014,19,PROSTITUTION, 0 , 0 , 0 , 0 , 0 , 3 , 1 , 4 
2014,19,ROBBERY (INDEX), 22 , 0 , 0 , 22 , 38 , 0 , 0 , 38 
2014,19,SEX OFFENSE - CRIMINAL SEXUAL ABUSE, 1 , 0 , 1 , 2 , 6 , 19 , 17 , 42 
2014,19,SIMPLE  ASSAULT, 0 , 3 , 0 , 3 , 1 , 119 , 1 , 121 
2014,19,SIMPLE  BATTERY, 0 , 36 , 0 , 36 , 1 , 452 , 0 , 453 
2014,19,TRAFFIC VIOLATIONS, 0 , 0 , 0 , 0 , 3 , 23 , 31 , 57 
2014,19,VANDALISM, 1 , 12 , 2 , 15 , 7 , 62 , 7 , 76 
2014,19,WARRANT ARRESTS, 0 , 0 , 11 , 11 , 0 , 0 , 326 , 326 
2014,19,WEAPONS, 2 , 2 , 4 , 8 , 10 , 12 , 15 , 37 
2014,20,AGGRAVATED ASSAULT (INDEX), 2 , 8 , 0 , 10 , 0 , 11 , 0 , 11 
2014,20,AGGRAVATED BATTERY (INDEX), 2 , 0 , 0 , 2 , 7 , 0 , 0 , 7 
2014,20,ARSON  (INDEX), 1 , 0 , 0 , 1 , 0 , 0 , 0 , 0 
2014,20,BURGLARY (INDEX), 5 , 0 , 0 , 5 , 17 , 0 , 0 , 17 
2014,20,CRIMINAL SEXUAL ASSAULT (INDEX), 0 , 0 , 0 , 0 , 3 , 0 , 0 , 3 
2014,20,DISORDERLY CONDUCT, 0 , 22 , 3 , 25 , 0 , 26 , 69 , 95 
2014,20,DRIVING UNDER  THE INFLUENCE, 0 , 0 , 0 , 0 , 16 , 68 , 0 , 84 
2014,20,DRUG  ABUSE  VIOLATIONS, 4 , 24 , 1 , 29 , 106 , 153 , 0 , 259 
2014,20,FORGERY AND COUNTERFEITING, 0 , 0 , 0 , 0 , 2 , 0 , 0 , 2 
2014,20,FRAUD, 1 , 0 , 0 , 1 , 3 , 0 , 1 , 4 
2014,20,GAMBLING, 0 , 0 , 0 , 0 , 0 , 0 , 1 , 1 
2014,20,HOMICIDE - 1ST OR 2ND DEGREE (INDEX), 0 , 0 , 0 , 0 , 3 , 0 , 0 , 3 
2014,20,INVOLUNTARY MANSLAUGHTER 1  RECKLESS HOMICIDE W1 VEHICLE, 0 , 0 , 0 , 0 , 1 , 0 , 0 , 1 
2014,20,LARCENY - THEFT (INDEX), 6 , 22 , 0 , 28 , 60 , 133 , 0 , 193 
2014,20,LIQUOR  LAWS, 0 , 2 , 0 , 2 , 0 , 1 , 2 , 3 
2014,20,MISCELLANEOUS MUNICIPAL CODE VIOLATIONS, 0 , 0 , 0 , 0 , 0 , 0 , 35 , 35 
2014,20,MISCELLANEOUS NON-INDEX OFFENSES, 0 , 13 , 0 , 13 , 1 , 175 , 1 , 177 
2014,20,MOTOR  VEHICLE THEFT  (INDEX), 2 , 1 , 0 , 3 , 2 , 3 , 0 , 5 
2014,20,OFFENSES AGAINST FAMILY  AND CHILDREN 1  INVOLVING CHILDREN, 0 , 0 , 0 , 0 , 0 , 2 , 0 , 2 
2014,20,PROSTITUTION, 0 , 0 , 0 , 0 , 0 , 2 , 0 , 2 
2014,20,ROBBERY (INDEX), 3 , 0 , 0 , 3 , 9 , 0 , 0 , 9 
2014,20,SEX OFFENSE - CRIMINAL SEXUAL ABUSE, 0 , 0 , 0 , 0 , 0 , 5 , 5 , 10 
2014,20,SIMPLE  ASSAULT, 0 , 7 , 0 , 7 , 0 , 32 , 1 , 33 
2014,20,SIMPLE BATTERY, 0 , 41 , 0 , 41 , 1 , 203 , 0 , 204 
2014,20,"STOLEN  PROPERTY: BUY, RECEIVE, POSSESS", 0 , 0 , 0 , 0 , 1 , 0 , 0 , 1 
2014,20,TRAFFIC VIOLATIONS, 0 , 0 , 0 , 0 , 9 , 31 , 18 , 58 
2014,20,VANDALISM, 4 , 8 , 0 , 12 , 1 , 32 , 1 , 34 
2014,20,WARRANT ARRESTS, 0 , 0 , 11 , 11 , 0 , 0 , 157 , 157 
2014,20,WEAPONS, 0 , 3 , 2 , 5 , 12 , 8 , 3 , 23 
2014,22,AGGRAVATED ASSAULT (INDEX), 1 , 26 , 0 , 27 , 1 , 37 , 0 , 38 
2014,22,AGGRAVATED BATTERY (INDEX), 28 , 0 , 0 , 28 , 15 , 0 , 0 , 15 
2014,22,ARSON  (INDEX), 0 , 0 , 0 , 0 , 1 , 0 , 0 , 1 
2014,22,BURGLARY (INDEX), 26 , 0 , 0 , 26 , 40 , 0 , 0 , 40 
2014,22,CRIMINAL SEXUAL ASSAULT (INDEX), 3 , 0 , 0 , 3 , 6 , 0 , 0 , 6 
2014,22,DISORDERLY CONDUCT, 7 , 68 , 2 , 77 , 1 , 57 , 46 , 104 
2014,22,DRIVING UNDER  THE INFLUENCE, 0 , 0 , 0 , 0 , 7 , 50 , 0 , 57 
2014,22,DRUG  ABUSE  VIOLATIONS, 3 , 66 , 0 , 69 , 254 , 356 , 0 , 610 
2014,22,FORGERY AND COUNTERFEITING, 0 , 0 , 0 , 0 , 1 , 3 , 0 , 4 
2014,22,FRAUD, 1 , 0 , 0 , 1 , 10 , 1 , 0 , 11 
2014,22,GAMBLING, 0 , 6 , 0 , 6 , 0 , 11 , 1 , 12 
2014,22,HOMICIDE - 1ST OR 2ND DEGREE (INDEX), 1 , 0 , 0 , 1 , 6 , 0 , 0 , 6 
2014,22,LARCENY - THEFT (INDEX), 10 , 46 , 0 , 56 , 63 , 116 , 0 , 179 
2014,22,LIQUOR  LAWS, 0 , 0 , 0 , 0 , 0 , 2 , 1 , 3 
2014,22,MISCELLANEOUS MUNICIPAL CODE  VIOLATIONS, 0 , 0 , 4 , 4 , 0 , 0 , 51 , 51 
2014,22,MISCELLANEOUS NON-INDEX OFFENSES, 3 , 89 , 1 , 93 , 29 , 329 , 13 , 371 
2014,22,MOTOR  VEHICLE THEFT  (INDEX), 27 , 4 , 0 , 31 , 11 , 6 , 0 , 17 
2014,22,OFFENSES AGAINST FAMILY  AND CHILDREN 1  INVOLVING CHILDREN, 0 , 0 , 2 , 2 , 0 , 3 , 0 , 3 
2014,22,PROSTITUTION, 0 , 0 , 0 , 0 , 0 , 4 , 0 , 4 
2014,22,ROBBERY (INDEX), 30 , 0 , 0 , 30 , 40 , 0 , 0 , 40 
2014,22,SEX OFFENSE - CRIMINAL SEXUAL ABUSE, 0 , 0 , 0 , 0 , 4 , 7 , 2 , 13 
2014,22,SIMPLE ASSAULT, 0 , 13 , 0 , 13 , 0 , 64 , 0 , 64 
2014,22,SIMPLE BATTERY, 1 , 110 , 0 , 111 , 1 , 227 , 0 , 228 
2014,22,TRAFFIC VIOLATIONS, 1 , 1 , 4 , 6 , 37 , 98 , 68 , 203 
2014,22,VANDALISM, 4 , 5 , 0 , 9 , 3 , 41 , 1 , 45 
2014,22,WARRANT ARRESTS, 0 , 0 , 43 , 43 , 0 , 0 , 467 , 467 
2014,22,WEAPONS, 33 , 5 , 8 , 46 , 62 , 17 , 9 , 88 
2014,24,AGGRAVATED ASSAULT (INDEX), 0 , 9 , 0 , 9 , 0 , 46 , 0 , 46 
2014,24,AGGRAVATED BATTERY (INDEX), 9 , 0 , 0 , 9 , 16 , 0 , 0 , 16 
2014,24,BURGLARY (INDEX), 8 , 0 , 0 , 8 , 27 , 0 , 0 , 27 
2014,24,CRIMINAL SEXUAL ASSAULT (INDEX), 0 , 0 , 0 , 0 , 4 , 0 , 0 , 4 
2014,24,DISORDERLY CONDUCT, 0 , 20 , 16 , 36 , 0 , 41 , 75 , 116 
2014,24,DRIVING UNDER  THE INFLUENCE, 0 , 0 , 0 , 0 , 11 , 63 , 0 , 74 
2014,24,DRUG ABUSE VIOLATIONS, 6 , 32 , 0 , 38 , 132 , 275 , 1 , 408 
2014,24,FORGERY AND COUNTERFEITING, 0 , 0 , 0 , 0 , 4 , 1 , 0 , 5 
2014,24,FRAUD, 2 , 0 , 0 , 2 , 1 , 0 , 0 , 1 
2014,24,HOMICIDE - 1ST OR 2ND DEGREE (INDEX), 0 , 0 , 0 , 0 , 6 , 0 , 0 , 6 
2014,24,LARCENY - THEFT  (INDEX), 3 , 21 , 0 , 24 , 45 , 130 , 1 , 176 
2014,24,LIQUOR LAWS, 0 , 0 , 1 , 1 , 0 , 0 , 1 , 1 
2014,24,MISCELLANEOUS MUNICIPAL CODE VIOLATIONS, 0 , 0 , 1 , 1 , 0 , 0 , 52 , 52 
2014,24,MISCELLANEOUS NON-INDEX OFFENSES, 1 , 64 , 1 , 66 , 8 , 276 , 12 , 296 
2014,24,MOTOR VEHICLE THEFT (INDEX), 3 , 0 , 0 , 3 , 4 , 4 , 0 , 8 
2014,24,OFFENSES AGAINST FAMILY  AND CHILDREN 1  INVOLVING CHILDREN, 0 , 0 , 0 , 0 , 0 , 3 , 0 , 3 
2014,24,PROSTITUTION, 0 , 0 , 0 , 0 , 1 , 5 , 17 , 23 
2014,24,ROBBERY (INDEX), 17 , 0 , 0 , 17 , 19 , 0 , 0 , 19 
2014,24,SEX OFFENSE - CRIMINAL SEXUAL ABUSE, 0 , 0 , 0 , 0 , 2 , 2 , 2 , 6 
2014,24,SIMPLE ASSAULT, 0 , 3 , 0 , 3 , 1 , 70 , 2 , 73 
2014,24,SIMPLE  BATTERY, 0 , 38 , 0 , 38 , 1 , 319 , 0 , 320 
2014,24,"STOLEN  PROPERTY: BUY, RECEIVE, POSSESS", 0 , 0 , 0 , 0 , 1 , 0 , 0 , 1 
2014,24,TRAFFIC VIOLATIONS, 0 , 1 , 4 , 5 , 6 , 38 , 57 , 101 
2014,24,VANDALISM, 0 , 13 , 1 , 14 , 3 , 48 , 1 , 52 
2014,24,WARRANT ARRESTS, 0 , 0 , 37 , 37 , 0 , 0 , 247 , 247 
2014,24,WEAPONS, 9 , 2 , 3 , 14 , 25 , 15 , 18 , 58 
2014,25,AGGRAVATED ASSAULT (INDEX), 1 , 9 , 0 , 10 , 4 , 87 , 0 , 91 
2014,25,AGGRAVATED BATTERY (INDEX), 19 , 0 , 0 , 19 , 43 , 0 , 0 , 43 
2014,25,ARSON  (INDEX), 0 , 0 , 0 , 0 , 2 , 0 , 0 , 2 
2014,25,BURGLARY (INDEX), 27 , 0 , 0 , 27 , 66 , 0 , 0 , 66 
2014,25,CRIMINAL SEXUAL ASSAULT (INDEX), 1 , 0 , 0 , 1 , 20 , 0 , 0 , 20 
2014,25,DISORDERLY CONDUCT, 0 , 44 , 3 , 47 , 2 , 162 , 475 , 639 
2014,25,DRIVING UNDER  THE INFLUENCE, 0 , 0 , 0 , 0 , 145 , 199 , 0 , 344 
2014,25,DRUG  ABUSE  VIOLATIONS, 20 , 105 , 1 , 126 , 700 , 700 , 8 ," 1,408 "
2014,25,FORGERY AND COUNTERFEITING, 0 , 0 , 0 , 0 , 4 , 2 , 0 , 6 
2014,25,FRAUD, 0 , 0 , 0 , 0 , 8 , 1 , 0 , 9 
2014,25,GAMBLING, 0 , 2 , 0 , 2 , 0 , 29 , 2 , 31 
2014,25,HOMICIDE - 1ST OR 2ND DEGREE (INDEX), 0 , 0 , 0 , 0 , 4 , 0 , 0 , 4 
2014,25,LARCENY - THEFT  (INDEX), 9 , 63 , 0 , 72 , 206 , 453 , 0 , 659 
2014,25,LIQUOR  LAWS, 0 , 1 , 0 , 1 , 0 , 12 , 3 , 15 
2014,25,MISCELLANEOUS MUNICIPAL CODE VIOLATIONS, 0 , 0 , 6 , 6 , 0 , 0 , 125 , 125 
2014,25,MISCELLANEOUS NON-INDEX OFFENSES, 3 , 95 , 0 , 98 , 42 , 750 , 38 , 830 
2014,25,MOTOR  VEHICLE THEFT  (INDEX), 21 , 16 , 0 , 37 , 19 , 16 , 0 , 35 
2014,25,OFFENSES AGAINST FAMILY AND CHILDREN 1  INVOLVING CHILDREN, 0 , 0 , 0 , 0 , 0 , 17 , 1 , 18 
2014,25,PROSTITUTION, 0 , 0 , 2 , 2 , 0 , 49 , 121 , 170 
2014,25,ROBBERY (INDEX), 32 , 0 , 0 , 32 , 47 , 0 , 0 , 47 
2014,25,SEX OFFENSE - CRIMINAL SEXUAL ABUSE, 1 , 1 , 0 , 2 , 12 , 9 , 18 , 39 
2014,25,SIMPLE ASSAULT, 0 , 15 , 1 , 16 , 2 , 130 , 1 , 133 
2014,25,SIMPLE  BATTERY, 0 , 76 , 0 , 76 , 2 , 720 , 0 , 722 
2014,25,TRAFFIC VIOLATIONS, 1 , 4 , 8 , 13 , 110 , 956 , 392 ," 1,458 "
2014,25,VANDALISM, 9 , 23 , 9 , 41 , 5 , 140 , 7 , 152 
2014,25,WARRANT ARRESTS, 0 , 0 , 55 , 55 , 0 , 0 , 902 , 902 
2014,25,WEAPONS, 22 , 3 , 3 , 28 , 99 , 22 , 15 , 136 
Total 2014,,," 4,491 "," 10,739 "," 2,553 "," 17,783 "," 25,599 "," 57,330 "," 28,320 "," 111,249 "
,,,,,,,,,,
"SOURCE: CHRIS_DW H: ARRESTS_ALL_V, FBI_CODES, CHARGE_CODES QUERY 2 June 2015",,,,,,,,,,